23 Aug 2024 - 08:49:56.633 [main] INFO  u.urinov.stadium.StadiumApplication - Starting StadiumApplication using Java 17.0.11 with PID 13536 (C:\Users\Urinov Shokirjon\IdeaProjects\Stadium\target\classes started by Urinov Shokirjon in C:\Users\Urinov Shokirjon\IdeaProjects\Stadium)
23 Aug 2024 - 08:49:56.650 [main] INFO  u.urinov.stadium.StadiumApplication - The following 1 profile is active: "local"
23 Aug 2024 - 08:49:58.312 [main] INFO  o.s.d.r.c.RepositoryConfigurationDelegate - Bootstrapping Spring Data JPA repositories in DEFAULT mode.
23 Aug 2024 - 08:49:58.405 [main] INFO  o.s.d.r.c.RepositoryConfigurationDelegate - Finished Spring Data repository scanning in 83 ms. Found 12 JPA repository interfaces.
23 Aug 2024 - 08:49:59.045 [main] INFO  o.s.b.w.e.tomcat.TomcatWebServer - Tomcat initialized with port 8081 (http)
23 Aug 2024 - 08:49:59.056 [main] INFO  o.a.catalina.core.StandardService - Starting service [Tomcat]
23 Aug 2024 - 08:49:59.057 [main] INFO  o.a.catalina.core.StandardEngine - Starting Servlet engine: [Apache Tomcat/10.1.26]
23 Aug 2024 - 08:49:59.125 [main] INFO  o.a.c.c.C.[Tomcat].[localhost].[/] - Initializing Spring embedded WebApplicationContext
23 Aug 2024 - 08:49:59.126 [main] INFO  o.s.b.w.s.c.ServletWebServerApplicationContext - Root WebApplicationContext: initialization completed in 2403 ms
23 Aug 2024 - 08:49:59.257 [main] INFO  o.h.jpa.internal.util.LogHelper - HHH000204: Processing PersistenceUnitInfo [name: default]
23 Aug 2024 - 08:49:59.339 [main] INFO  org.hibernate.Version - HHH000412: Hibernate ORM core version 6.5.2.Final
23 Aug 2024 - 08:49:59.382 [main] INFO  o.h.c.i.RegionFactoryInitiator - HHH000026: Second-level cache disabled
23 Aug 2024 - 08:49:59.751 [main] INFO  o.s.o.j.p.SpringPersistenceUnitInfo - No LoadTimeWeaver setup: ignoring JPA class transformer
23 Aug 2024 - 08:49:59.784 [main] INFO  com.zaxxer.hikari.HikariDataSource - HikariPool-1 - Starting...
23 Aug 2024 - 08:49:59.946 [main] INFO  com.zaxxer.hikari.pool.HikariPool - HikariPool-1 - Added connection org.postgresql.jdbc.PgConnection@121cf6f4
23 Aug 2024 - 08:49:59.948 [main] INFO  com.zaxxer.hikari.HikariDataSource - HikariPool-1 - Start completed.
23 Aug 2024 - 08:50:01.222 [main] INFO  o.h.e.t.j.p.i.JtaPlatformInitiator - HHH000489: No JTA platform available (set 'hibernate.transaction.jta.platform' to enable JTA platform integration)
23 Aug 2024 - 08:50:01.405 [main] INFO  o.s.o.j.LocalContainerEntityManagerFactoryBean - Initialized JPA EntityManagerFactory for persistence unit 'default'
23 Aug 2024 - 08:50:01.751 [main] INFO  o.s.d.j.r.query.QueryEnhancerFactory - Hibernate is in classpath; If applicable, HQL parser will be used.
23 Aug 2024 - 08:50:03.741 [main] WARN  o.s.b.a.o.j.JpaBaseConfiguration$JpaWebConfiguration - spring.jpa.open-in-view is enabled by default. Therefore, database queries may be performed during view rendering. Explicitly configure spring.jpa.open-in-view to disable this warning
23 Aug 2024 - 08:50:03.816 [main] INFO  o.s.s.c.a.a.c.InitializeAuthenticationProviderBeanManagerConfigurer$InitializeAuthenticationProviderManagerConfigurer - Global AuthenticationManager configured with AuthenticationProvider bean with name authenticationProvider
23 Aug 2024 - 08:50:03.818 [main] WARN  o.s.s.c.a.a.c.InitializeUserDetailsBeanManagerConfigurer$InitializeUserDetailsManagerConfigurer - Global AuthenticationManager configured with an AuthenticationProvider bean. UserDetailsService beans will not be used for username/password login. Consider removing the AuthenticationProvider bean. Alternatively, consider using the UserDetailsService in a manually instantiated DaoAuthenticationProvider.
23 Aug 2024 - 08:50:05.869 [main] INFO  o.s.b.w.e.tomcat.TomcatWebServer - Tomcat started on port 8081 (http) with context path '/'
23 Aug 2024 - 08:50:05.888 [main] INFO  u.urinov.stadium.StadiumApplication - Started StadiumApplication in 9.795 seconds (process running for 11.368)
23 Aug 2024 - 08:50:06.188 [main] INFO  org.flywaydb.core.FlywayExecutor - Database: jdbc:postgresql://localhost:5432/stadium (PostgreSQL 14.11)
23 Aug 2024 - 08:50:06.321 [main] INFO  o.f.core.internal.command.DbValidate - Successfully validated 5 migrations (execution time 00:00.097s)
23 Aug 2024 - 08:50:06.344 [main] INFO  o.f.core.internal.command.DbMigrate - Current version of schema "public": 4
23 Aug 2024 - 08:50:06.354 [main] INFO  o.f.core.internal.command.DbMigrate - Schema "public" is up to date. No migration necessary.
23 Aug 2024 - 08:50:07.008 [Thread-1] INFO  o.t.t.longpolling.BotSession - Result when calling deleteWebhook: true
23 Aug 2024 - 08:50:27.669 [http-nio-8081-exec-1] INFO  o.a.c.c.C.[Tomcat].[localhost].[/] - Initializing Spring DispatcherServlet 'dispatcherServlet'
23 Aug 2024 - 08:50:27.669 [http-nio-8081-exec-1] INFO  o.s.web.servlet.DispatcherServlet - Initializing Servlet 'dispatcherServlet'
23 Aug 2024 - 08:50:27.670 [http-nio-8081-exec-1] INFO  o.s.web.servlet.DispatcherServlet - Completed initialization in 1 ms
23 Aug 2024 - 09:29:52.535 [SpringApplicationShutdownHook] INFO  o.s.o.j.LocalContainerEntityManagerFactoryBean - Closing JPA EntityManagerFactory for persistence unit 'default'
23 Aug 2024 - 09:29:52.537 [SpringApplicationShutdownHook] INFO  com.zaxxer.hikari.HikariDataSource - HikariPool-1 - Shutdown initiated...
23 Aug 2024 - 09:29:52.539 [SpringApplicationShutdownHook] INFO  com.zaxxer.hikari.HikariDataSource - HikariPool-1 - Shutdown completed.
23 Aug 2024 - 09:30:12.317 [main] INFO  u.urinov.stadium.StadiumApplication - Starting StadiumApplication using Java 17.0.11 with PID 336 (C:\Users\Urinov Shokirjon\IdeaProjects\Stadium\target\classes started by Urinov Shokirjon in C:\Users\Urinov Shokirjon\IdeaProjects\Stadium)
23 Aug 2024 - 09:30:12.330 [main] INFO  u.urinov.stadium.StadiumApplication - The following 1 profile is active: "local"
23 Aug 2024 - 09:30:13.343 [main] INFO  o.s.d.r.c.RepositoryConfigurationDelegate - Bootstrapping Spring Data JPA repositories in DEFAULT mode.
23 Aug 2024 - 09:30:13.431 [main] INFO  o.s.d.r.c.RepositoryConfigurationDelegate - Finished Spring Data repository scanning in 78 ms. Found 12 JPA repository interfaces.
23 Aug 2024 - 09:30:14.034 [main] INFO  o.s.b.w.e.tomcat.TomcatWebServer - Tomcat initialized with port 8081 (http)
23 Aug 2024 - 09:30:14.045 [main] INFO  o.a.catalina.core.StandardService - Starting service [Tomcat]
23 Aug 2024 - 09:30:14.045 [main] INFO  o.a.catalina.core.StandardEngine - Starting Servlet engine: [Apache Tomcat/10.1.26]
23 Aug 2024 - 09:30:14.125 [main] INFO  o.a.c.c.C.[Tomcat].[localhost].[/] - Initializing Spring embedded WebApplicationContext
23 Aug 2024 - 09:30:14.125 [main] INFO  o.s.b.w.s.c.ServletWebServerApplicationContext - Root WebApplicationContext: initialization completed in 1745 ms
23 Aug 2024 - 09:30:14.257 [main] INFO  o.h.jpa.internal.util.LogHelper - HHH000204: Processing PersistenceUnitInfo [name: default]
23 Aug 2024 - 09:30:14.319 [main] INFO  org.hibernate.Version - HHH000412: Hibernate ORM core version 6.5.2.Final
23 Aug 2024 - 09:30:14.353 [main] INFO  o.h.c.i.RegionFactoryInitiator - HHH000026: Second-level cache disabled
23 Aug 2024 - 09:30:14.687 [main] INFO  o.s.o.j.p.SpringPersistenceUnitInfo - No LoadTimeWeaver setup: ignoring JPA class transformer
23 Aug 2024 - 09:30:14.727 [main] INFO  com.zaxxer.hikari.HikariDataSource - HikariPool-1 - Starting...
23 Aug 2024 - 09:30:14.897 [main] INFO  com.zaxxer.hikari.pool.HikariPool - HikariPool-1 - Added connection org.postgresql.jdbc.PgConnection@1884e671
23 Aug 2024 - 09:30:14.899 [main] INFO  com.zaxxer.hikari.HikariDataSource - HikariPool-1 - Start completed.
23 Aug 2024 - 09:30:16.213 [main] INFO  o.h.e.t.j.p.i.JtaPlatformInitiator - HHH000489: No JTA platform available (set 'hibernate.transaction.jta.platform' to enable JTA platform integration)
23 Aug 2024 - 09:30:16.411 [main] INFO  o.s.o.j.LocalContainerEntityManagerFactoryBean - Initialized JPA EntityManagerFactory for persistence unit 'default'
23 Aug 2024 - 09:30:16.706 [main] INFO  o.s.d.j.r.query.QueryEnhancerFactory - Hibernate is in classpath; If applicable, HQL parser will be used.
23 Aug 2024 - 09:30:17.818 [main] WARN  o.s.b.a.o.j.JpaBaseConfiguration$JpaWebConfiguration - spring.jpa.open-in-view is enabled by default. Therefore, database queries may be performed during view rendering. Explicitly configure spring.jpa.open-in-view to disable this warning
23 Aug 2024 - 09:30:17.857 [main] INFO  o.s.s.c.a.a.c.InitializeAuthenticationProviderBeanManagerConfigurer$InitializeAuthenticationProviderManagerConfigurer - Global AuthenticationManager configured with AuthenticationProvider bean with name authenticationProvider
23 Aug 2024 - 09:30:17.858 [main] WARN  o.s.s.c.a.a.c.InitializeUserDetailsBeanManagerConfigurer$InitializeUserDetailsManagerConfigurer - Global AuthenticationManager configured with an AuthenticationProvider bean. UserDetailsService beans will not be used for username/password login. Consider removing the AuthenticationProvider bean. Alternatively, consider using the UserDetailsService in a manually instantiated DaoAuthenticationProvider.
23 Aug 2024 - 09:30:19.017 [main] INFO  o.s.b.w.e.tomcat.TomcatWebServer - Tomcat started on port 8081 (http) with context path '/'
23 Aug 2024 - 09:30:19.028 [main] INFO  u.urinov.stadium.StadiumApplication - Started StadiumApplication in 7.213 seconds (process running for 8.073)
23 Aug 2024 - 09:30:19.181 [main] INFO  org.flywaydb.core.FlywayExecutor - Database: jdbc:postgresql://localhost:5432/stadium (PostgreSQL 14.11)
23 Aug 2024 - 09:30:19.227 [main] INFO  o.f.core.internal.command.DbValidate - Successfully validated 5 migrations (execution time 00:00.030s)
23 Aug 2024 - 09:30:19.238 [main] INFO  o.f.core.internal.command.DbMigrate - Current version of schema "public": 4
23 Aug 2024 - 09:30:19.241 [main] INFO  o.f.core.internal.command.DbMigrate - Schema "public" is up to date. No migration necessary.
23 Aug 2024 - 09:30:19.891 [Thread-1] INFO  o.t.t.longpolling.BotSession - Result when calling deleteWebhook: true
23 Aug 2024 - 14:42:08.561 [HikariPool-1 housekeeper] WARN  com.zaxxer.hikari.pool.HikariPool - HikariPool-1 - Thread starvation or clock leap detected (housekeeper delta=1h5m25s115ms350µs1ns).
23 Aug 2024 - 14:43:16.250 [pool-3-thread-1] ERROR o.t.t.longpolling.BotSession - Error received from Telegram GetUpdates Request, retrying in 900000 millis...
org.telegram.telegrambots.longpolling.exceptions.TelegramApiErrorResponseException: null
	at org.telegram.telegrambots.longpolling.BotSession.getUpdatesFromTelegram(BotSession.java:156)
	at org.telegram.telegrambots.longpolling.BotSession.lambda$createPollerTask$1(BotSession.java:103)
	at java.base/java.util.concurrent.Executors$RunnableAdapter.call(Executors.java:539)
	at java.base/java.util.concurrent.FutureTask.runAndReset$$$capture(FutureTask.java:305)
	at java.base/java.util.concurrent.FutureTask.runAndReset(FutureTask.java)
	at java.base/java.util.concurrent.ScheduledThreadPoolExecutor$ScheduledFutureTask.run(ScheduledThreadPoolExecutor.java:305)
	at java.base/java.util.concurrent.ThreadPoolExecutor.runWorker(ThreadPoolExecutor.java:1136)
	at java.base/java.util.concurrent.ThreadPoolExecutor$Worker.run(ThreadPoolExecutor.java:635)
	at java.base/java.lang.Thread.run(Thread.java:840)
Caused by: java.net.SocketTimeoutException: timeout
	at okhttp3.internal.http2.Http2Stream$StreamTimeout.newTimeoutException(Http2Stream.kt:675)
	at okhttp3.internal.http2.Http2Stream$StreamTimeout.exitAndThrowIfTimedOut(Http2Stream.kt:684)
	at okhttp3.internal.http2.Http2Stream.takeHeaders(Http2Stream.kt:143)
	at okhttp3.internal.http2.Http2ExchangeCodec.readResponseHeaders(Http2ExchangeCodec.kt:96)
	at okhttp3.internal.connection.Exchange.readResponseHeaders(Exchange.kt:106)
	at okhttp3.internal.http.CallServerInterceptor.intercept(CallServerInterceptor.kt:79)
	at okhttp3.internal.http.RealInterceptorChain.proceed(RealInterceptorChain.kt:109)
	at okhttp3.internal.connection.ConnectInterceptor.intercept(ConnectInterceptor.kt:34)
	at okhttp3.internal.http.RealInterceptorChain.proceed(RealInterceptorChain.kt:109)
	at okhttp3.internal.cache.CacheInterceptor.intercept(CacheInterceptor.kt:95)
	at okhttp3.internal.http.RealInterceptorChain.proceed(RealInterceptorChain.kt:109)
	at okhttp3.internal.http.BridgeInterceptor.intercept(BridgeInterceptor.kt:83)
	at okhttp3.internal.http.RealInterceptorChain.proceed(RealInterceptorChain.kt:109)
	at okhttp3.internal.http.RetryAndFollowUpInterceptor.intercept(RetryAndFollowUpInterceptor.kt:76)
	at okhttp3.internal.http.RealInterceptorChain.proceed(RealInterceptorChain.kt:109)
	at okhttp3.internal.connection.RealCall.getResponseWithInterceptorChain$okhttp(RealCall.kt:201)
	at okhttp3.internal.connection.RealCall.execute(RealCall.kt:154)
	at org.telegram.telegrambots.longpolling.BotSession.getUpdatesFromTelegram(BotSession.java:139)
	... 8 common frames omitted
23 Aug 2024 - 15:58:49.561 [SpringApplicationShutdownHook] INFO  o.s.o.j.LocalContainerEntityManagerFactoryBean - Closing JPA EntityManagerFactory for persistence unit 'default'
23 Aug 2024 - 15:58:49.564 [SpringApplicationShutdownHook] INFO  com.zaxxer.hikari.HikariDataSource - HikariPool-1 - Shutdown initiated...
23 Aug 2024 - 15:58:49.567 [SpringApplicationShutdownHook] INFO  com.zaxxer.hikari.HikariDataSource - HikariPool-1 - Shutdown completed.
23 Aug 2024 - 15:58:57.029 [main] INFO  u.urinov.stadium.StadiumApplication - Starting StadiumApplication using Java 17.0.11 with PID 13820 (C:\Users\Urinov Shokirjon\IdeaProjects\Stadium\target\classes started by Urinov Shokirjon in C:\Users\Urinov Shokirjon\IdeaProjects\Stadium)
23 Aug 2024 - 15:58:57.043 [main] INFO  u.urinov.stadium.StadiumApplication - The following 1 profile is active: "local"
23 Aug 2024 - 15:58:58.067 [main] INFO  o.s.d.r.c.RepositoryConfigurationDelegate - Bootstrapping Spring Data JPA repositories in DEFAULT mode.
23 Aug 2024 - 15:58:58.155 [main] INFO  o.s.d.r.c.RepositoryConfigurationDelegate - Finished Spring Data repository scanning in 80 ms. Found 12 JPA repository interfaces.
23 Aug 2024 - 15:58:58.776 [main] INFO  o.s.b.w.e.tomcat.TomcatWebServer - Tomcat initialized with port 8081 (http)
23 Aug 2024 - 15:58:58.788 [main] INFO  o.a.catalina.core.StandardService - Starting service [Tomcat]
23 Aug 2024 - 15:58:58.788 [main] INFO  o.a.catalina.core.StandardEngine - Starting Servlet engine: [Apache Tomcat/10.1.26]
23 Aug 2024 - 15:58:58.858 [main] INFO  o.a.c.c.C.[Tomcat].[localhost].[/] - Initializing Spring embedded WebApplicationContext
23 Aug 2024 - 15:58:58.858 [main] INFO  o.s.b.w.s.c.ServletWebServerApplicationContext - Root WebApplicationContext: initialization completed in 1765 ms
23 Aug 2024 - 15:58:58.976 [main] INFO  o.h.jpa.internal.util.LogHelper - HHH000204: Processing PersistenceUnitInfo [name: default]
23 Aug 2024 - 15:58:59.082 [main] INFO  org.hibernate.Version - HHH000412: Hibernate ORM core version 6.5.2.Final
23 Aug 2024 - 15:58:59.128 [main] INFO  o.h.c.i.RegionFactoryInitiator - HHH000026: Second-level cache disabled
23 Aug 2024 - 15:58:59.575 [main] INFO  o.s.o.j.p.SpringPersistenceUnitInfo - No LoadTimeWeaver setup: ignoring JPA class transformer
23 Aug 2024 - 15:58:59.614 [main] INFO  com.zaxxer.hikari.HikariDataSource - HikariPool-1 - Starting...
23 Aug 2024 - 15:58:59.794 [main] INFO  com.zaxxer.hikari.pool.HikariPool - HikariPool-1 - Added connection org.postgresql.jdbc.PgConnection@30704f85
23 Aug 2024 - 15:58:59.795 [main] INFO  com.zaxxer.hikari.HikariDataSource - HikariPool-1 - Start completed.
23 Aug 2024 - 15:59:01.233 [main] INFO  o.h.e.t.j.p.i.JtaPlatformInitiator - HHH000489: No JTA platform available (set 'hibernate.transaction.jta.platform' to enable JTA platform integration)
23 Aug 2024 - 15:59:01.309 [main] WARN  o.h.e.jdbc.spi.SqlExceptionHelper - SQL Warning Code: 0, SQLState: 00000
23 Aug 2024 - 15:59:01.309 [main] WARN  o.h.e.jdbc.spi.SqlExceptionHelper - constraint "ukqpifomt9u70ikp6ayjixx09ql" of relation "field_price" does not exist, skipping
23 Aug 2024 - 15:59:01.438 [main] INFO  o.s.o.j.LocalContainerEntityManagerFactoryBean - Initialized JPA EntityManagerFactory for persistence unit 'default'
23 Aug 2024 - 15:59:01.749 [main] INFO  o.s.d.j.r.query.QueryEnhancerFactory - Hibernate is in classpath; If applicable, HQL parser will be used.
23 Aug 2024 - 15:59:02.901 [main] WARN  o.s.b.a.o.j.JpaBaseConfiguration$JpaWebConfiguration - spring.jpa.open-in-view is enabled by default. Therefore, database queries may be performed during view rendering. Explicitly configure spring.jpa.open-in-view to disable this warning
23 Aug 2024 - 15:59:02.941 [main] INFO  o.s.s.c.a.a.c.InitializeAuthenticationProviderBeanManagerConfigurer$InitializeAuthenticationProviderManagerConfigurer - Global AuthenticationManager configured with AuthenticationProvider bean with name authenticationProvider
23 Aug 2024 - 15:59:02.942 [main] WARN  o.s.s.c.a.a.c.InitializeUserDetailsBeanManagerConfigurer$InitializeUserDetailsManagerConfigurer - Global AuthenticationManager configured with an AuthenticationProvider bean. UserDetailsService beans will not be used for username/password login. Consider removing the AuthenticationProvider bean. Alternatively, consider using the UserDetailsService in a manually instantiated DaoAuthenticationProvider.
23 Aug 2024 - 15:59:05.820 [main] INFO  o.s.b.w.e.tomcat.TomcatWebServer - Tomcat started on port 8081 (http) with context path '/'
23 Aug 2024 - 15:59:05.839 [main] INFO  u.urinov.stadium.StadiumApplication - Started StadiumApplication in 9.522 seconds (process running for 10.625)
23 Aug 2024 - 15:59:06.122 [main] INFO  org.flywaydb.core.FlywayExecutor - Database: jdbc:postgresql://localhost:5432/stadium (PostgreSQL 14.11)
23 Aug 2024 - 15:59:06.225 [main] INFO  o.f.core.internal.command.DbValidate - Successfully validated 5 migrations (execution time 00:00.067s)
23 Aug 2024 - 15:59:06.245 [main] INFO  o.f.core.internal.command.DbMigrate - Current version of schema "public": 4
23 Aug 2024 - 15:59:06.255 [main] INFO  o.f.core.internal.command.DbMigrate - Schema "public" is up to date. No migration necessary.
23 Aug 2024 - 15:59:07.162 [Thread-1] INFO  o.t.t.longpolling.BotSession - Result when calling deleteWebhook: true
23 Aug 2024 - 16:01:23.238 [http-nio-8081-exec-1] INFO  o.a.c.c.C.[Tomcat].[localhost].[/] - Initializing Spring DispatcherServlet 'dispatcherServlet'
23 Aug 2024 - 16:01:23.239 [http-nio-8081-exec-1] INFO  o.s.web.servlet.DispatcherServlet - Initializing Servlet 'dispatcherServlet'
23 Aug 2024 - 16:01:23.240 [http-nio-8081-exec-1] INFO  o.s.web.servlet.DispatcherServlet - Completed initialization in 1 ms
23 Aug 2024 - 16:03:25.057 [SpringApplicationShutdownHook] INFO  o.s.o.j.LocalContainerEntityManagerFactoryBean - Closing JPA EntityManagerFactory for persistence unit 'default'
23 Aug 2024 - 16:03:25.059 [SpringApplicationShutdownHook] INFO  com.zaxxer.hikari.HikariDataSource - HikariPool-1 - Shutdown initiated...
23 Aug 2024 - 16:03:25.062 [SpringApplicationShutdownHook] INFO  com.zaxxer.hikari.HikariDataSource - HikariPool-1 - Shutdown completed.
23 Aug 2024 - 16:03:43.596 [main] INFO  u.urinov.stadium.StadiumApplication - Starting StadiumApplication using Java 17.0.11 with PID 13248 (C:\Users\Urinov Shokirjon\IdeaProjects\Stadium\target\classes started by Urinov Shokirjon in C:\Users\Urinov Shokirjon\IdeaProjects\Stadium)
23 Aug 2024 - 16:03:43.610 [main] INFO  u.urinov.stadium.StadiumApplication - The following 1 profile is active: "local"
23 Aug 2024 - 16:03:44.447 [main] INFO  o.s.d.r.c.RepositoryConfigurationDelegate - Bootstrapping Spring Data JPA repositories in DEFAULT mode.
23 Aug 2024 - 16:03:44.519 [main] INFO  o.s.d.r.c.RepositoryConfigurationDelegate - Finished Spring Data repository scanning in 66 ms. Found 12 JPA repository interfaces.
23 Aug 2024 - 16:03:45.023 [main] INFO  o.s.b.w.e.tomcat.TomcatWebServer - Tomcat initialized with port 8081 (http)
23 Aug 2024 - 16:03:45.031 [main] INFO  o.a.catalina.core.StandardService - Starting service [Tomcat]
23 Aug 2024 - 16:03:45.031 [main] INFO  o.a.catalina.core.StandardEngine - Starting Servlet engine: [Apache Tomcat/10.1.26]
23 Aug 2024 - 16:03:45.088 [main] INFO  o.a.c.c.C.[Tomcat].[localhost].[/] - Initializing Spring embedded WebApplicationContext
23 Aug 2024 - 16:03:45.089 [main] INFO  o.s.b.w.s.c.ServletWebServerApplicationContext - Root WebApplicationContext: initialization completed in 1418 ms
23 Aug 2024 - 16:03:45.184 [main] INFO  o.h.jpa.internal.util.LogHelper - HHH000204: Processing PersistenceUnitInfo [name: default]
23 Aug 2024 - 16:03:45.234 [main] INFO  org.hibernate.Version - HHH000412: Hibernate ORM core version 6.5.2.Final
23 Aug 2024 - 16:03:45.265 [main] INFO  o.h.c.i.RegionFactoryInitiator - HHH000026: Second-level cache disabled
23 Aug 2024 - 16:03:45.542 [main] INFO  o.s.o.j.p.SpringPersistenceUnitInfo - No LoadTimeWeaver setup: ignoring JPA class transformer
23 Aug 2024 - 16:03:45.566 [main] INFO  com.zaxxer.hikari.HikariDataSource - HikariPool-1 - Starting...
23 Aug 2024 - 16:03:45.696 [main] INFO  com.zaxxer.hikari.pool.HikariPool - HikariPool-1 - Added connection org.postgresql.jdbc.PgConnection@7ee64b53
23 Aug 2024 - 16:03:45.697 [main] INFO  com.zaxxer.hikari.HikariDataSource - HikariPool-1 - Start completed.
23 Aug 2024 - 16:03:46.756 [main] INFO  o.h.e.t.j.p.i.JtaPlatformInitiator - HHH000489: No JTA platform available (set 'hibernate.transaction.jta.platform' to enable JTA platform integration)
23 Aug 2024 - 16:03:46.941 [main] INFO  o.s.o.j.LocalContainerEntityManagerFactoryBean - Initialized JPA EntityManagerFactory for persistence unit 'default'
23 Aug 2024 - 16:03:47.195 [main] INFO  o.s.d.j.r.query.QueryEnhancerFactory - Hibernate is in classpath; If applicable, HQL parser will be used.
23 Aug 2024 - 16:03:48.163 [main] WARN  o.s.b.a.o.j.JpaBaseConfiguration$JpaWebConfiguration - spring.jpa.open-in-view is enabled by default. Therefore, database queries may be performed during view rendering. Explicitly configure spring.jpa.open-in-view to disable this warning
23 Aug 2024 - 16:03:48.198 [main] INFO  o.s.s.c.a.a.c.InitializeAuthenticationProviderBeanManagerConfigurer$InitializeAuthenticationProviderManagerConfigurer - Global AuthenticationManager configured with AuthenticationProvider bean with name authenticationProvider
23 Aug 2024 - 16:03:48.199 [main] WARN  o.s.s.c.a.a.c.InitializeUserDetailsBeanManagerConfigurer$InitializeUserDetailsManagerConfigurer - Global AuthenticationManager configured with an AuthenticationProvider bean. UserDetailsService beans will not be used for username/password login. Consider removing the AuthenticationProvider bean. Alternatively, consider using the UserDetailsService in a manually instantiated DaoAuthenticationProvider.
23 Aug 2024 - 16:03:49.277 [main] INFO  o.s.b.w.e.tomcat.TomcatWebServer - Tomcat started on port 8081 (http) with context path '/'
23 Aug 2024 - 16:03:49.287 [main] INFO  u.urinov.stadium.StadiumApplication - Started StadiumApplication in 6.163 seconds (process running for 6.762)
23 Aug 2024 - 16:03:49.419 [main] INFO  org.flywaydb.core.FlywayExecutor - Database: jdbc:postgresql://localhost:5432/stadium (PostgreSQL 14.11)
23 Aug 2024 - 16:03:49.460 [main] INFO  o.f.core.internal.command.DbValidate - Successfully validated 5 migrations (execution time 00:00.026s)
23 Aug 2024 - 16:03:49.471 [main] INFO  o.f.core.internal.command.DbMigrate - Current version of schema "public": 4
23 Aug 2024 - 16:03:49.473 [main] INFO  o.f.core.internal.command.DbMigrate - Schema "public" is up to date. No migration necessary.
23 Aug 2024 - 16:03:50.059 [Thread-1] INFO  o.t.t.longpolling.BotSession - Result when calling deleteWebhook: true
23 Aug 2024 - 16:04:01.141 [http-nio-8081-exec-1] INFO  o.a.c.c.C.[Tomcat].[localhost].[/] - Initializing Spring DispatcherServlet 'dispatcherServlet'
23 Aug 2024 - 16:04:01.141 [http-nio-8081-exec-1] INFO  o.s.web.servlet.DispatcherServlet - Initializing Servlet 'dispatcherServlet'
23 Aug 2024 - 16:04:01.143 [http-nio-8081-exec-1] INFO  o.s.web.servlet.DispatcherServlet - Completed initialization in 2 ms
23 Aug 2024 - 16:17:39.374 [SpringApplicationShutdownHook] INFO  o.s.o.j.LocalContainerEntityManagerFactoryBean - Closing JPA EntityManagerFactory for persistence unit 'default'
23 Aug 2024 - 16:17:39.376 [SpringApplicationShutdownHook] INFO  com.zaxxer.hikari.HikariDataSource - HikariPool-1 - Shutdown initiated...
23 Aug 2024 - 16:17:39.378 [SpringApplicationShutdownHook] INFO  com.zaxxer.hikari.HikariDataSource - HikariPool-1 - Shutdown completed.
23 Aug 2024 - 16:17:45.878 [main] INFO  u.urinov.stadium.StadiumApplication - Starting StadiumApplication using Java 17.0.11 with PID 21752 (C:\Users\Urinov Shokirjon\IdeaProjects\Stadium\target\classes started by Urinov Shokirjon in C:\Users\Urinov Shokirjon\IdeaProjects\Stadium)
23 Aug 2024 - 16:17:45.895 [main] INFO  u.urinov.stadium.StadiumApplication - The following 1 profile is active: "local"
23 Aug 2024 - 16:17:46.723 [main] INFO  o.s.d.r.c.RepositoryConfigurationDelegate - Bootstrapping Spring Data JPA repositories in DEFAULT mode.
23 Aug 2024 - 16:17:46.798 [main] INFO  o.s.d.r.c.RepositoryConfigurationDelegate - Finished Spring Data repository scanning in 68 ms. Found 12 JPA repository interfaces.
23 Aug 2024 - 16:17:47.297 [main] INFO  o.s.b.w.e.tomcat.TomcatWebServer - Tomcat initialized with port 8081 (http)
23 Aug 2024 - 16:17:47.306 [main] INFO  o.a.catalina.core.StandardService - Starting service [Tomcat]
23 Aug 2024 - 16:17:47.306 [main] INFO  o.a.catalina.core.StandardEngine - Starting Servlet engine: [Apache Tomcat/10.1.26]
23 Aug 2024 - 16:17:47.362 [main] INFO  o.a.c.c.C.[Tomcat].[localhost].[/] - Initializing Spring embedded WebApplicationContext
23 Aug 2024 - 16:17:47.362 [main] INFO  o.s.b.w.s.c.ServletWebServerApplicationContext - Root WebApplicationContext: initialization completed in 1407 ms
23 Aug 2024 - 16:17:47.466 [main] INFO  o.h.jpa.internal.util.LogHelper - HHH000204: Processing PersistenceUnitInfo [name: default]
23 Aug 2024 - 16:17:47.517 [main] INFO  org.hibernate.Version - HHH000412: Hibernate ORM core version 6.5.2.Final
23 Aug 2024 - 16:17:47.557 [main] INFO  o.h.c.i.RegionFactoryInitiator - HHH000026: Second-level cache disabled
23 Aug 2024 - 16:17:47.826 [main] INFO  o.s.o.j.p.SpringPersistenceUnitInfo - No LoadTimeWeaver setup: ignoring JPA class transformer
23 Aug 2024 - 16:17:47.850 [main] INFO  com.zaxxer.hikari.HikariDataSource - HikariPool-1 - Starting...
23 Aug 2024 - 16:17:47.985 [main] INFO  com.zaxxer.hikari.pool.HikariPool - HikariPool-1 - Added connection org.postgresql.jdbc.PgConnection@7ee64b53
23 Aug 2024 - 16:17:47.987 [main] INFO  com.zaxxer.hikari.HikariDataSource - HikariPool-1 - Start completed.
23 Aug 2024 - 16:17:49.052 [main] INFO  o.h.e.t.j.p.i.JtaPlatformInitiator - HHH000489: No JTA platform available (set 'hibernate.transaction.jta.platform' to enable JTA platform integration)
23 Aug 2024 - 16:17:49.230 [main] INFO  o.s.o.j.LocalContainerEntityManagerFactoryBean - Initialized JPA EntityManagerFactory for persistence unit 'default'
23 Aug 2024 - 16:17:49.428 [main] INFO  o.s.d.j.r.query.QueryEnhancerFactory - Hibernate is in classpath; If applicable, HQL parser will be used.
23 Aug 2024 - 16:17:50.480 [main] WARN  o.s.b.a.o.j.JpaBaseConfiguration$JpaWebConfiguration - spring.jpa.open-in-view is enabled by default. Therefore, database queries may be performed during view rendering. Explicitly configure spring.jpa.open-in-view to disable this warning
23 Aug 2024 - 16:17:50.516 [main] INFO  o.s.s.c.a.a.c.InitializeAuthenticationProviderBeanManagerConfigurer$InitializeAuthenticationProviderManagerConfigurer - Global AuthenticationManager configured with AuthenticationProvider bean with name authenticationProvider
23 Aug 2024 - 16:17:50.517 [main] WARN  o.s.s.c.a.a.c.InitializeUserDetailsBeanManagerConfigurer$InitializeUserDetailsManagerConfigurer - Global AuthenticationManager configured with an AuthenticationProvider bean. UserDetailsService beans will not be used for username/password login. Consider removing the AuthenticationProvider bean. Alternatively, consider using the UserDetailsService in a manually instantiated DaoAuthenticationProvider.
23 Aug 2024 - 16:17:51.522 [main] INFO  o.s.b.w.e.tomcat.TomcatWebServer - Tomcat started on port 8081 (http) with context path '/'
23 Aug 2024 - 16:17:51.530 [main] INFO  u.urinov.stadium.StadiumApplication - Started StadiumApplication in 6.133 seconds (process running for 6.728)
23 Aug 2024 - 16:17:51.651 [main] INFO  org.flywaydb.core.FlywayExecutor - Database: jdbc:postgresql://localhost:5432/stadium (PostgreSQL 14.11)
23 Aug 2024 - 16:17:51.688 [main] INFO  o.f.core.internal.command.DbValidate - Successfully validated 5 migrations (execution time 00:00.023s)
23 Aug 2024 - 16:17:51.697 [main] INFO  o.f.core.internal.command.DbMigrate - Current version of schema "public": 4
23 Aug 2024 - 16:17:51.699 [main] INFO  o.f.core.internal.command.DbMigrate - Schema "public" is up to date. No migration necessary.
23 Aug 2024 - 16:17:52.254 [Thread-1] INFO  o.t.t.longpolling.BotSession - Result when calling deleteWebhook: true
23 Aug 2024 - 16:18:00.154 [http-nio-8081-exec-1] INFO  o.a.c.c.C.[Tomcat].[localhost].[/] - Initializing Spring DispatcherServlet 'dispatcherServlet'
23 Aug 2024 - 16:18:00.154 [http-nio-8081-exec-1] INFO  o.s.web.servlet.DispatcherServlet - Initializing Servlet 'dispatcherServlet'
23 Aug 2024 - 16:18:00.156 [http-nio-8081-exec-1] INFO  o.s.web.servlet.DispatcherServlet - Completed initialization in 1 ms
23 Aug 2024 - 16:19:29.829 [SpringApplicationShutdownHook] INFO  o.s.o.j.LocalContainerEntityManagerFactoryBean - Closing JPA EntityManagerFactory for persistence unit 'default'
23 Aug 2024 - 16:19:29.831 [SpringApplicationShutdownHook] INFO  com.zaxxer.hikari.HikariDataSource - HikariPool-1 - Shutdown initiated...
23 Aug 2024 - 16:19:29.833 [SpringApplicationShutdownHook] INFO  com.zaxxer.hikari.HikariDataSource - HikariPool-1 - Shutdown completed.
23 Aug 2024 - 16:50:26.124 [main] INFO  u.urinov.stadium.StadiumApplication - Starting StadiumApplication using Java 17.0.11 with PID 11248 (C:\Users\Urinov Shokirjon\IdeaProjects\Stadium\target\classes started by Urinov Shokirjon in C:\Users\Urinov Shokirjon\IdeaProjects\Stadium)
23 Aug 2024 - 16:50:26.138 [main] INFO  u.urinov.stadium.StadiumApplication - The following 1 profile is active: "local"
23 Aug 2024 - 16:50:26.990 [main] INFO  o.s.d.r.c.RepositoryConfigurationDelegate - Bootstrapping Spring Data JPA repositories in DEFAULT mode.
23 Aug 2024 - 16:50:27.067 [main] INFO  o.s.d.r.c.RepositoryConfigurationDelegate - Finished Spring Data repository scanning in 70 ms. Found 12 JPA repository interfaces.
23 Aug 2024 - 16:50:27.620 [main] INFO  o.s.b.w.e.tomcat.TomcatWebServer - Tomcat initialized with port 8081 (http)
23 Aug 2024 - 16:50:27.630 [main] INFO  o.a.catalina.core.StandardService - Starting service [Tomcat]
23 Aug 2024 - 16:50:27.631 [main] INFO  o.a.catalina.core.StandardEngine - Starting Servlet engine: [Apache Tomcat/10.1.26]
23 Aug 2024 - 16:50:27.693 [main] INFO  o.a.c.c.C.[Tomcat].[localhost].[/] - Initializing Spring embedded WebApplicationContext
23 Aug 2024 - 16:50:27.694 [main] INFO  o.s.b.w.s.c.ServletWebServerApplicationContext - Root WebApplicationContext: initialization completed in 1506 ms
23 Aug 2024 - 16:50:27.811 [main] INFO  o.h.jpa.internal.util.LogHelper - HHH000204: Processing PersistenceUnitInfo [name: default]
23 Aug 2024 - 16:50:27.868 [main] INFO  org.hibernate.Version - HHH000412: Hibernate ORM core version 6.5.2.Final
23 Aug 2024 - 16:50:27.912 [main] INFO  o.h.c.i.RegionFactoryInitiator - HHH000026: Second-level cache disabled
23 Aug 2024 - 16:50:28.195 [main] INFO  o.s.o.j.p.SpringPersistenceUnitInfo - No LoadTimeWeaver setup: ignoring JPA class transformer
23 Aug 2024 - 16:50:28.225 [main] INFO  com.zaxxer.hikari.HikariDataSource - HikariPool-1 - Starting...
23 Aug 2024 - 16:50:28.381 [main] INFO  com.zaxxer.hikari.pool.HikariPool - HikariPool-1 - Added connection org.postgresql.jdbc.PgConnection@9f2376f
23 Aug 2024 - 16:50:28.382 [main] INFO  com.zaxxer.hikari.HikariDataSource - HikariPool-1 - Start completed.
23 Aug 2024 - 16:50:29.563 [main] INFO  o.h.e.t.j.p.i.JtaPlatformInitiator - HHH000489: No JTA platform available (set 'hibernate.transaction.jta.platform' to enable JTA platform integration)
23 Aug 2024 - 16:50:29.778 [main] INFO  o.s.o.j.LocalContainerEntityManagerFactoryBean - Initialized JPA EntityManagerFactory for persistence unit 'default'
23 Aug 2024 - 16:50:30.033 [main] INFO  o.s.d.j.r.query.QueryEnhancerFactory - Hibernate is in classpath; If applicable, HQL parser will be used.
23 Aug 2024 - 16:50:31.073 [main] WARN  o.s.b.a.o.j.JpaBaseConfiguration$JpaWebConfiguration - spring.jpa.open-in-view is enabled by default. Therefore, database queries may be performed during view rendering. Explicitly configure spring.jpa.open-in-view to disable this warning
23 Aug 2024 - 16:50:31.103 [main] INFO  o.s.s.c.a.a.c.InitializeAuthenticationProviderBeanManagerConfigurer$InitializeAuthenticationProviderManagerConfigurer - Global AuthenticationManager configured with AuthenticationProvider bean with name authenticationProvider
23 Aug 2024 - 16:50:31.104 [main] WARN  o.s.s.c.a.a.c.InitializeUserDetailsBeanManagerConfigurer$InitializeUserDetailsManagerConfigurer - Global AuthenticationManager configured with an AuthenticationProvider bean. UserDetailsService beans will not be used for username/password login. Consider removing the AuthenticationProvider bean. Alternatively, consider using the UserDetailsService in a manually instantiated DaoAuthenticationProvider.
23 Aug 2024 - 16:50:32.166 [main] INFO  o.s.b.w.e.tomcat.TomcatWebServer - Tomcat started on port 8081 (http) with context path '/'
23 Aug 2024 - 16:50:32.174 [main] INFO  u.urinov.stadium.StadiumApplication - Started StadiumApplication in 6.572 seconds (process running for 7.197)
23 Aug 2024 - 16:50:32.309 [main] INFO  org.flywaydb.core.FlywayExecutor - Database: jdbc:postgresql://localhost:5432/stadium (PostgreSQL 14.11)
23 Aug 2024 - 16:50:32.349 [main] INFO  o.f.core.internal.command.DbValidate - Successfully validated 5 migrations (execution time 00:00.025s)
23 Aug 2024 - 16:50:32.358 [main] INFO  o.f.core.internal.command.DbMigrate - Current version of schema "public": 4
23 Aug 2024 - 16:50:32.360 [main] INFO  o.f.core.internal.command.DbMigrate - Schema "public" is up to date. No migration necessary.
23 Aug 2024 - 16:50:32.760 [Thread-1] INFO  o.t.t.longpolling.BotSession - Result when calling deleteWebhook: true
23 Aug 2024 - 16:50:48.478 [http-nio-8081-exec-1] INFO  o.a.c.c.C.[Tomcat].[localhost].[/] - Initializing Spring DispatcherServlet 'dispatcherServlet'
23 Aug 2024 - 16:50:48.478 [http-nio-8081-exec-1] INFO  o.s.web.servlet.DispatcherServlet - Initializing Servlet 'dispatcherServlet'
23 Aug 2024 - 16:50:48.479 [http-nio-8081-exec-1] INFO  o.s.web.servlet.DispatcherServlet - Completed initialization in 1 ms
23 Aug 2024 - 17:18:58.392 [SpringApplicationShutdownHook] INFO  o.s.o.j.LocalContainerEntityManagerFactoryBean - Closing JPA EntityManagerFactory for persistence unit 'default'
23 Aug 2024 - 17:18:58.395 [SpringApplicationShutdownHook] INFO  com.zaxxer.hikari.HikariDataSource - HikariPool-1 - Shutdown initiated...
23 Aug 2024 - 17:18:58.398 [SpringApplicationShutdownHook] INFO  com.zaxxer.hikari.HikariDataSource - HikariPool-1 - Shutdown completed.
23 Aug 2024 - 17:19:08.195 [main] INFO  u.urinov.stadium.StadiumApplication - Starting StadiumApplication using Java 17.0.11 with PID 15340 (C:\Users\Urinov Shokirjon\IdeaProjects\Stadium\target\classes started by Urinov Shokirjon in C:\Users\Urinov Shokirjon\IdeaProjects\Stadium)
23 Aug 2024 - 17:19:08.208 [main] INFO  u.urinov.stadium.StadiumApplication - The following 1 profile is active: "local"
23 Aug 2024 - 17:19:09.056 [main] INFO  o.s.d.r.c.RepositoryConfigurationDelegate - Bootstrapping Spring Data JPA repositories in DEFAULT mode.
23 Aug 2024 - 17:19:09.131 [main] INFO  o.s.d.r.c.RepositoryConfigurationDelegate - Finished Spring Data repository scanning in 68 ms. Found 13 JPA repository interfaces.
23 Aug 2024 - 17:19:09.636 [main] INFO  o.s.b.w.e.tomcat.TomcatWebServer - Tomcat initialized with port 8081 (http)
23 Aug 2024 - 17:19:09.646 [main] INFO  o.a.catalina.core.StandardService - Starting service [Tomcat]
23 Aug 2024 - 17:19:09.646 [main] INFO  o.a.catalina.core.StandardEngine - Starting Servlet engine: [Apache Tomcat/10.1.26]
23 Aug 2024 - 17:19:09.705 [main] INFO  o.a.c.c.C.[Tomcat].[localhost].[/] - Initializing Spring embedded WebApplicationContext
23 Aug 2024 - 17:19:09.706 [main] INFO  o.s.b.w.s.c.ServletWebServerApplicationContext - Root WebApplicationContext: initialization completed in 1443 ms
23 Aug 2024 - 17:19:09.811 [main] INFO  o.h.jpa.internal.util.LogHelper - HHH000204: Processing PersistenceUnitInfo [name: default]
23 Aug 2024 - 17:19:09.866 [main] INFO  org.hibernate.Version - HHH000412: Hibernate ORM core version 6.5.2.Final
23 Aug 2024 - 17:19:09.912 [main] INFO  o.h.c.i.RegionFactoryInitiator - HHH000026: Second-level cache disabled
23 Aug 2024 - 17:19:10.200 [main] INFO  o.s.o.j.p.SpringPersistenceUnitInfo - No LoadTimeWeaver setup: ignoring JPA class transformer
23 Aug 2024 - 17:19:10.226 [main] INFO  com.zaxxer.hikari.HikariDataSource - HikariPool-1 - Starting...
23 Aug 2024 - 17:19:10.467 [main] INFO  com.zaxxer.hikari.pool.HikariPool - HikariPool-1 - Added connection org.postgresql.jdbc.PgConnection@18811c42
23 Aug 2024 - 17:19:10.469 [main] INFO  com.zaxxer.hikari.HikariDataSource - HikariPool-1 - Start completed.
23 Aug 2024 - 17:19:11.610 [main] INFO  o.h.e.t.j.p.i.JtaPlatformInitiator - HHH000489: No JTA platform available (set 'hibernate.transaction.jta.platform' to enable JTA platform integration)
23 Aug 2024 - 17:19:11.801 [main] INFO  o.s.o.j.LocalContainerEntityManagerFactoryBean - Initialized JPA EntityManagerFactory for persistence unit 'default'
23 Aug 2024 - 17:19:12.048 [main] INFO  o.s.d.j.r.query.QueryEnhancerFactory - Hibernate is in classpath; If applicable, HQL parser will be used.
23 Aug 2024 - 17:19:13.123 [main] WARN  o.s.b.a.o.j.JpaBaseConfiguration$JpaWebConfiguration - spring.jpa.open-in-view is enabled by default. Therefore, database queries may be performed during view rendering. Explicitly configure spring.jpa.open-in-view to disable this warning
23 Aug 2024 - 17:19:13.159 [main] INFO  o.s.s.c.a.a.c.InitializeAuthenticationProviderBeanManagerConfigurer$InitializeAuthenticationProviderManagerConfigurer - Global AuthenticationManager configured with AuthenticationProvider bean with name authenticationProvider
23 Aug 2024 - 17:19:13.159 [main] WARN  o.s.s.c.a.a.c.InitializeUserDetailsBeanManagerConfigurer$InitializeUserDetailsManagerConfigurer - Global AuthenticationManager configured with an AuthenticationProvider bean. UserDetailsService beans will not be used for username/password login. Consider removing the AuthenticationProvider bean. Alternatively, consider using the UserDetailsService in a manually instantiated DaoAuthenticationProvider.
23 Aug 2024 - 17:19:14.201 [main] INFO  o.s.b.w.e.tomcat.TomcatWebServer - Tomcat started on port 8081 (http) with context path '/'
23 Aug 2024 - 17:19:14.209 [main] INFO  u.urinov.stadium.StadiumApplication - Started StadiumApplication in 6.504 seconds (process running for 7.119)
23 Aug 2024 - 17:19:14.343 [main] INFO  org.flywaydb.core.FlywayExecutor - Database: jdbc:postgresql://localhost:5432/stadium (PostgreSQL 14.11)
23 Aug 2024 - 17:19:14.384 [main] INFO  o.f.core.internal.command.DbValidate - Successfully validated 5 migrations (execution time 00:00.025s)
23 Aug 2024 - 17:19:14.393 [main] INFO  o.f.core.internal.command.DbMigrate - Current version of schema "public": 4
23 Aug 2024 - 17:19:14.405 [main] INFO  o.f.core.internal.command.DbMigrate - Schema "public" is up to date. No migration necessary.
23 Aug 2024 - 17:19:14.786 [Thread-1] INFO  o.t.t.longpolling.BotSession - Result when calling deleteWebhook: true
23 Aug 2024 - 17:21:31.506 [http-nio-8081-exec-1] INFO  o.a.c.c.C.[Tomcat].[localhost].[/] - Initializing Spring DispatcherServlet 'dispatcherServlet'
23 Aug 2024 - 17:21:31.506 [http-nio-8081-exec-1] INFO  o.s.web.servlet.DispatcherServlet - Initializing Servlet 'dispatcherServlet'
23 Aug 2024 - 17:21:31.508 [http-nio-8081-exec-1] INFO  o.s.web.servlet.DispatcherServlet - Completed initialization in 1 ms
23 Aug 2024 - 17:21:31.749 [http-nio-8081-exec-1] WARN  o.s.web.servlet.PageNotFound - Request method 'POST' is not supported
23 Aug 2024 - 17:21:56.024 [SpringApplicationShutdownHook] INFO  o.s.o.j.LocalContainerEntityManagerFactoryBean - Closing JPA EntityManagerFactory for persistence unit 'default'
23 Aug 2024 - 17:21:56.026 [SpringApplicationShutdownHook] INFO  com.zaxxer.hikari.HikariDataSource - HikariPool-1 - Shutdown initiated...
23 Aug 2024 - 17:21:56.029 [SpringApplicationShutdownHook] INFO  com.zaxxer.hikari.HikariDataSource - HikariPool-1 - Shutdown completed.
23 Aug 2024 - 17:22:02.094 [main] INFO  u.urinov.stadium.StadiumApplication - Starting StadiumApplication using Java 17.0.11 with PID 19048 (C:\Users\Urinov Shokirjon\IdeaProjects\Stadium\target\classes started by Urinov Shokirjon in C:\Users\Urinov Shokirjon\IdeaProjects\Stadium)
23 Aug 2024 - 17:22:02.106 [main] INFO  u.urinov.stadium.StadiumApplication - The following 1 profile is active: "local"
23 Aug 2024 - 17:22:03.058 [main] INFO  o.s.d.r.c.RepositoryConfigurationDelegate - Bootstrapping Spring Data JPA repositories in DEFAULT mode.
23 Aug 2024 - 17:22:03.149 [main] INFO  o.s.d.r.c.RepositoryConfigurationDelegate - Finished Spring Data repository scanning in 82 ms. Found 13 JPA repository interfaces.
23 Aug 2024 - 17:22:03.830 [main] INFO  o.s.b.w.e.tomcat.TomcatWebServer - Tomcat initialized with port 8081 (http)
23 Aug 2024 - 17:22:03.840 [main] INFO  o.a.catalina.core.StandardService - Starting service [Tomcat]
23 Aug 2024 - 17:22:03.841 [main] INFO  o.a.catalina.core.StandardEngine - Starting Servlet engine: [Apache Tomcat/10.1.26]
23 Aug 2024 - 17:22:03.907 [main] INFO  o.a.c.c.C.[Tomcat].[localhost].[/] - Initializing Spring embedded WebApplicationContext
23 Aug 2024 - 17:22:03.908 [main] INFO  o.s.b.w.s.c.ServletWebServerApplicationContext - Root WebApplicationContext: initialization completed in 1754 ms
23 Aug 2024 - 17:22:04.024 [main] INFO  o.h.jpa.internal.util.LogHelper - HHH000204: Processing PersistenceUnitInfo [name: default]
23 Aug 2024 - 17:22:04.083 [main] INFO  org.hibernate.Version - HHH000412: Hibernate ORM core version 6.5.2.Final
23 Aug 2024 - 17:22:04.118 [main] INFO  o.h.c.i.RegionFactoryInitiator - HHH000026: Second-level cache disabled
23 Aug 2024 - 17:22:04.438 [main] INFO  o.s.o.j.p.SpringPersistenceUnitInfo - No LoadTimeWeaver setup: ignoring JPA class transformer
23 Aug 2024 - 17:22:04.466 [main] INFO  com.zaxxer.hikari.HikariDataSource - HikariPool-1 - Starting...
23 Aug 2024 - 17:22:04.613 [main] INFO  com.zaxxer.hikari.pool.HikariPool - HikariPool-1 - Added connection org.postgresql.jdbc.PgConnection@7c8f047a
23 Aug 2024 - 17:22:04.614 [main] INFO  com.zaxxer.hikari.HikariDataSource - HikariPool-1 - Start completed.
23 Aug 2024 - 17:22:05.831 [main] INFO  o.h.e.t.j.p.i.JtaPlatformInitiator - HHH000489: No JTA platform available (set 'hibernate.transaction.jta.platform' to enable JTA platform integration)
23 Aug 2024 - 17:22:06.027 [main] INFO  o.s.o.j.LocalContainerEntityManagerFactoryBean - Initialized JPA EntityManagerFactory for persistence unit 'default'
23 Aug 2024 - 17:22:06.290 [main] INFO  o.s.d.j.r.query.QueryEnhancerFactory - Hibernate is in classpath; If applicable, HQL parser will be used.
23 Aug 2024 - 17:22:07.356 [main] WARN  o.s.b.a.o.j.JpaBaseConfiguration$JpaWebConfiguration - spring.jpa.open-in-view is enabled by default. Therefore, database queries may be performed during view rendering. Explicitly configure spring.jpa.open-in-view to disable this warning
23 Aug 2024 - 17:22:07.392 [main] INFO  o.s.s.c.a.a.c.InitializeAuthenticationProviderBeanManagerConfigurer$InitializeAuthenticationProviderManagerConfigurer - Global AuthenticationManager configured with AuthenticationProvider bean with name authenticationProvider
23 Aug 2024 - 17:22:07.392 [main] WARN  o.s.s.c.a.a.c.InitializeUserDetailsBeanManagerConfigurer$InitializeUserDetailsManagerConfigurer - Global AuthenticationManager configured with an AuthenticationProvider bean. UserDetailsService beans will not be used for username/password login. Consider removing the AuthenticationProvider bean. Alternatively, consider using the UserDetailsService in a manually instantiated DaoAuthenticationProvider.
23 Aug 2024 - 17:22:08.509 [main] INFO  o.s.b.w.e.tomcat.TomcatWebServer - Tomcat started on port 8081 (http) with context path '/'
23 Aug 2024 - 17:22:08.520 [main] INFO  u.urinov.stadium.StadiumApplication - Started StadiumApplication in 6.964 seconds (process running for 7.946)
23 Aug 2024 - 17:22:08.675 [main] INFO  org.flywaydb.core.FlywayExecutor - Database: jdbc:postgresql://localhost:5432/stadium (PostgreSQL 14.11)
23 Aug 2024 - 17:22:08.719 [main] INFO  o.f.core.internal.command.DbValidate - Successfully validated 5 migrations (execution time 00:00.028s)
23 Aug 2024 - 17:22:08.730 [main] INFO  o.f.core.internal.command.DbMigrate - Current version of schema "public": 4
23 Aug 2024 - 17:22:08.732 [main] INFO  o.f.core.internal.command.DbMigrate - Schema "public" is up to date. No migration necessary.
23 Aug 2024 - 17:22:09.117 [Thread-1] INFO  o.t.t.longpolling.BotSession - Result when calling deleteWebhook: true
23 Aug 2024 - 17:22:26.563 [http-nio-8081-exec-1] INFO  o.a.c.c.C.[Tomcat].[localhost].[/] - Initializing Spring DispatcherServlet 'dispatcherServlet'
23 Aug 2024 - 17:22:26.563 [http-nio-8081-exec-1] INFO  o.s.web.servlet.DispatcherServlet - Initializing Servlet 'dispatcherServlet'
23 Aug 2024 - 17:22:26.564 [http-nio-8081-exec-1] INFO  o.s.web.servlet.DispatcherServlet - Completed initialization in 1 ms
23 Aug 2024 - 17:24:17.014 [SpringApplicationShutdownHook] INFO  o.s.o.j.LocalContainerEntityManagerFactoryBean - Closing JPA EntityManagerFactory for persistence unit 'default'
23 Aug 2024 - 17:24:17.016 [SpringApplicationShutdownHook] INFO  com.zaxxer.hikari.HikariDataSource - HikariPool-1 - Shutdown initiated...
23 Aug 2024 - 17:24:17.018 [SpringApplicationShutdownHook] INFO  com.zaxxer.hikari.HikariDataSource - HikariPool-1 - Shutdown completed.
23 Aug 2024 - 17:24:45.897 [main] INFO  u.urinov.stadium.StadiumApplication - Starting StadiumApplication using Java 17.0.11 with PID 4760 (C:\Users\Urinov Shokirjon\IdeaProjects\Stadium\target\classes started by Urinov Shokirjon in C:\Users\Urinov Shokirjon\IdeaProjects\Stadium)
23 Aug 2024 - 17:24:45.910 [main] INFO  u.urinov.stadium.StadiumApplication - The following 1 profile is active: "local"
23 Aug 2024 - 17:24:46.877 [main] INFO  o.s.d.r.c.RepositoryConfigurationDelegate - Bootstrapping Spring Data JPA repositories in DEFAULT mode.
23 Aug 2024 - 17:24:46.965 [main] INFO  o.s.d.r.c.RepositoryConfigurationDelegate - Finished Spring Data repository scanning in 81 ms. Found 13 JPA repository interfaces.
23 Aug 2024 - 17:24:47.575 [main] INFO  o.s.b.w.e.tomcat.TomcatWebServer - Tomcat initialized with port 8081 (http)
23 Aug 2024 - 17:24:47.587 [main] INFO  o.a.catalina.core.StandardService - Starting service [Tomcat]
23 Aug 2024 - 17:24:47.588 [main] INFO  o.a.catalina.core.StandardEngine - Starting Servlet engine: [Apache Tomcat/10.1.26]
23 Aug 2024 - 17:24:47.652 [main] INFO  o.a.c.c.C.[Tomcat].[localhost].[/] - Initializing Spring embedded WebApplicationContext
23 Aug 2024 - 17:24:47.653 [main] INFO  o.s.b.w.s.c.ServletWebServerApplicationContext - Root WebApplicationContext: initialization completed in 1693 ms
23 Aug 2024 - 17:24:47.802 [main] INFO  o.h.jpa.internal.util.LogHelper - HHH000204: Processing PersistenceUnitInfo [name: default]
23 Aug 2024 - 17:24:47.872 [main] INFO  org.hibernate.Version - HHH000412: Hibernate ORM core version 6.5.2.Final
23 Aug 2024 - 17:24:47.915 [main] INFO  o.h.c.i.RegionFactoryInitiator - HHH000026: Second-level cache disabled
23 Aug 2024 - 17:24:48.290 [main] INFO  o.s.o.j.p.SpringPersistenceUnitInfo - No LoadTimeWeaver setup: ignoring JPA class transformer
23 Aug 2024 - 17:24:48.323 [main] INFO  com.zaxxer.hikari.HikariDataSource - HikariPool-1 - Starting...
23 Aug 2024 - 17:24:48.490 [main] INFO  com.zaxxer.hikari.pool.HikariPool - HikariPool-1 - Added connection org.postgresql.jdbc.PgConnection@7079f8f0
23 Aug 2024 - 17:24:48.492 [main] INFO  com.zaxxer.hikari.HikariDataSource - HikariPool-1 - Start completed.
23 Aug 2024 - 17:24:49.814 [main] INFO  o.h.e.t.j.p.i.JtaPlatformInitiator - HHH000489: No JTA platform available (set 'hibernate.transaction.jta.platform' to enable JTA platform integration)
23 Aug 2024 - 17:24:49.883 [main] WARN  o.h.e.jdbc.spi.SqlExceptionHelper - SQL Warning Code: 0, SQLState: 00000
23 Aug 2024 - 17:24:49.883 [main] WARN  o.h.e.jdbc.spi.SqlExceptionHelper - constraint "ukqpifomt9u70ikp6ayjixx09ql" of relation "field_price" does not exist, skipping
23 Aug 2024 - 17:24:50.025 [main] INFO  o.s.o.j.LocalContainerEntityManagerFactoryBean - Initialized JPA EntityManagerFactory for persistence unit 'default'
23 Aug 2024 - 17:24:50.333 [main] INFO  o.s.d.j.r.query.QueryEnhancerFactory - Hibernate is in classpath; If applicable, HQL parser will be used.
23 Aug 2024 - 17:24:52.435 [main] WARN  o.s.b.a.o.j.JpaBaseConfiguration$JpaWebConfiguration - spring.jpa.open-in-view is enabled by default. Therefore, database queries may be performed during view rendering. Explicitly configure spring.jpa.open-in-view to disable this warning
23 Aug 2024 - 17:24:52.507 [main] INFO  o.s.s.c.a.a.c.InitializeAuthenticationProviderBeanManagerConfigurer$InitializeAuthenticationProviderManagerConfigurer - Global AuthenticationManager configured with AuthenticationProvider bean with name authenticationProvider
23 Aug 2024 - 17:24:52.508 [main] WARN  o.s.s.c.a.a.c.InitializeUserDetailsBeanManagerConfigurer$InitializeUserDetailsManagerConfigurer - Global AuthenticationManager configured with an AuthenticationProvider bean. UserDetailsService beans will not be used for username/password login. Consider removing the AuthenticationProvider bean. Alternatively, consider using the UserDetailsService in a manually instantiated DaoAuthenticationProvider.
23 Aug 2024 - 17:24:54.308 [main] INFO  o.s.b.w.e.tomcat.TomcatWebServer - Tomcat started on port 8081 (http) with context path '/'
23 Aug 2024 - 17:24:54.327 [main] INFO  u.urinov.stadium.StadiumApplication - Started StadiumApplication in 9.006 seconds (process running for 9.858)
23 Aug 2024 - 17:24:54.606 [main] INFO  org.flywaydb.core.FlywayExecutor - Database: jdbc:postgresql://localhost:5432/stadium (PostgreSQL 14.11)
23 Aug 2024 - 17:24:54.692 [main] INFO  o.f.core.internal.command.DbValidate - Successfully validated 5 migrations (execution time 00:00.058s)
23 Aug 2024 - 17:24:54.707 [main] INFO  o.f.core.internal.command.DbMigrate - Current version of schema "public": 4
23 Aug 2024 - 17:24:54.714 [main] INFO  o.f.core.internal.command.DbMigrate - Schema "public" is up to date. No migration necessary.
23 Aug 2024 - 17:24:55.605 [Thread-1] INFO  o.t.t.longpolling.BotSession - Result when calling deleteWebhook: true
23 Aug 2024 - 17:24:57.540 [http-nio-8081-exec-1] INFO  o.a.c.c.C.[Tomcat].[localhost].[/] - Initializing Spring DispatcherServlet 'dispatcherServlet'
23 Aug 2024 - 17:24:57.540 [http-nio-8081-exec-1] INFO  o.s.web.servlet.DispatcherServlet - Initializing Servlet 'dispatcherServlet'
23 Aug 2024 - 17:24:57.542 [http-nio-8081-exec-1] INFO  o.s.web.servlet.DispatcherServlet - Completed initialization in 2 ms
23 Aug 2024 - 17:27:18.091 [SpringApplicationShutdownHook] INFO  o.s.o.j.LocalContainerEntityManagerFactoryBean - Closing JPA EntityManagerFactory for persistence unit 'default'
23 Aug 2024 - 17:27:18.092 [SpringApplicationShutdownHook] INFO  com.zaxxer.hikari.HikariDataSource - HikariPool-1 - Shutdown initiated...
23 Aug 2024 - 17:27:18.095 [SpringApplicationShutdownHook] INFO  com.zaxxer.hikari.HikariDataSource - HikariPool-1 - Shutdown completed.
23 Aug 2024 - 17:27:25.091 [main] INFO  u.urinov.stadium.StadiumApplication - Starting StadiumApplication using Java 17.0.11 with PID 12028 (C:\Users\Urinov Shokirjon\IdeaProjects\Stadium\target\classes started by Urinov Shokirjon in C:\Users\Urinov Shokirjon\IdeaProjects\Stadium)
23 Aug 2024 - 17:27:25.102 [main] INFO  u.urinov.stadium.StadiumApplication - The following 1 profile is active: "local"
23 Aug 2024 - 17:27:26.026 [main] INFO  o.s.d.r.c.RepositoryConfigurationDelegate - Bootstrapping Spring Data JPA repositories in DEFAULT mode.
23 Aug 2024 - 17:27:26.110 [main] INFO  o.s.d.r.c.RepositoryConfigurationDelegate - Finished Spring Data repository scanning in 76 ms. Found 13 JPA repository interfaces.
23 Aug 2024 - 17:27:26.669 [main] INFO  o.s.b.w.e.tomcat.TomcatWebServer - Tomcat initialized with port 8081 (http)
23 Aug 2024 - 17:27:26.680 [main] INFO  o.a.catalina.core.StandardService - Starting service [Tomcat]
23 Aug 2024 - 17:27:26.680 [main] INFO  o.a.catalina.core.StandardEngine - Starting Servlet engine: [Apache Tomcat/10.1.26]
23 Aug 2024 - 17:27:26.742 [main] INFO  o.a.c.c.C.[Tomcat].[localhost].[/] - Initializing Spring embedded WebApplicationContext
23 Aug 2024 - 17:27:26.742 [main] INFO  o.s.b.w.s.c.ServletWebServerApplicationContext - Root WebApplicationContext: initialization completed in 1591 ms
23 Aug 2024 - 17:27:26.855 [main] INFO  o.h.jpa.internal.util.LogHelper - HHH000204: Processing PersistenceUnitInfo [name: default]
23 Aug 2024 - 17:27:26.918 [main] INFO  org.hibernate.Version - HHH000412: Hibernate ORM core version 6.5.2.Final
23 Aug 2024 - 17:27:26.950 [main] INFO  o.h.c.i.RegionFactoryInitiator - HHH000026: Second-level cache disabled
23 Aug 2024 - 17:27:27.261 [main] INFO  o.s.o.j.p.SpringPersistenceUnitInfo - No LoadTimeWeaver setup: ignoring JPA class transformer
23 Aug 2024 - 17:27:27.295 [main] INFO  com.zaxxer.hikari.HikariDataSource - HikariPool-1 - Starting...
23 Aug 2024 - 17:27:27.508 [main] INFO  com.zaxxer.hikari.pool.HikariPool - HikariPool-1 - Added connection org.postgresql.jdbc.PgConnection@545604a9
23 Aug 2024 - 17:27:27.510 [main] INFO  com.zaxxer.hikari.HikariDataSource - HikariPool-1 - Start completed.
23 Aug 2024 - 17:27:28.829 [main] INFO  o.h.e.t.j.p.i.JtaPlatformInitiator - HHH000489: No JTA platform available (set 'hibernate.transaction.jta.platform' to enable JTA platform integration)
23 Aug 2024 - 17:27:29.040 [main] INFO  o.s.o.j.LocalContainerEntityManagerFactoryBean - Initialized JPA EntityManagerFactory for persistence unit 'default'
23 Aug 2024 - 17:27:29.320 [main] INFO  o.s.d.j.r.query.QueryEnhancerFactory - Hibernate is in classpath; If applicable, HQL parser will be used.
23 Aug 2024 - 17:27:31.016 [main] WARN  o.s.b.a.o.j.JpaBaseConfiguration$JpaWebConfiguration - spring.jpa.open-in-view is enabled by default. Therefore, database queries may be performed during view rendering. Explicitly configure spring.jpa.open-in-view to disable this warning
23 Aug 2024 - 17:27:31.077 [main] INFO  o.s.s.c.a.a.c.InitializeAuthenticationProviderBeanManagerConfigurer$InitializeAuthenticationProviderManagerConfigurer - Global AuthenticationManager configured with AuthenticationProvider bean with name authenticationProvider
23 Aug 2024 - 17:27:31.078 [main] WARN  o.s.s.c.a.a.c.InitializeUserDetailsBeanManagerConfigurer$InitializeUserDetailsManagerConfigurer - Global AuthenticationManager configured with an AuthenticationProvider bean. UserDetailsService beans will not be used for username/password login. Consider removing the AuthenticationProvider bean. Alternatively, consider using the UserDetailsService in a manually instantiated DaoAuthenticationProvider.
23 Aug 2024 - 17:27:32.747 [main] INFO  o.s.b.w.e.tomcat.TomcatWebServer - Tomcat started on port 8081 (http) with context path '/'
23 Aug 2024 - 17:27:32.764 [main] INFO  u.urinov.stadium.StadiumApplication - Started StadiumApplication in 8.172 seconds (process running for 9.184)
23 Aug 2024 - 17:27:33.055 [main] INFO  org.flywaydb.core.FlywayExecutor - Database: jdbc:postgresql://localhost:5432/stadium (PostgreSQL 14.11)
23 Aug 2024 - 17:27:33.138 [main] INFO  o.f.core.internal.command.DbValidate - Successfully validated 5 migrations (execution time 00:00.058s)
23 Aug 2024 - 17:27:33.153 [main] INFO  o.f.core.internal.command.DbMigrate - Current version of schema "public": 4
23 Aug 2024 - 17:27:33.159 [main] INFO  o.f.core.internal.command.DbMigrate - Schema "public" is up to date. No migration necessary.
23 Aug 2024 - 17:27:34.119 [Thread-1] INFO  o.t.t.longpolling.BotSession - Result when calling deleteWebhook: true
23 Aug 2024 - 17:28:13.750 [SpringApplicationShutdownHook] INFO  o.s.o.j.LocalContainerEntityManagerFactoryBean - Closing JPA EntityManagerFactory for persistence unit 'default'
23 Aug 2024 - 17:28:13.752 [SpringApplicationShutdownHook] INFO  com.zaxxer.hikari.HikariDataSource - HikariPool-1 - Shutdown initiated...
23 Aug 2024 - 17:28:13.754 [SpringApplicationShutdownHook] INFO  com.zaxxer.hikari.HikariDataSource - HikariPool-1 - Shutdown completed.
23 Aug 2024 - 17:28:18.217 [main] INFO  u.urinov.stadium.StadiumApplication - Starting StadiumApplication using Java 17.0.11 with PID 17988 (C:\Users\Urinov Shokirjon\IdeaProjects\Stadium\target\classes started by Urinov Shokirjon in C:\Users\Urinov Shokirjon\IdeaProjects\Stadium)
23 Aug 2024 - 17:28:18.231 [main] INFO  u.urinov.stadium.StadiumApplication - The following 1 profile is active: "local"
23 Aug 2024 - 17:28:19.145 [main] INFO  o.s.d.r.c.RepositoryConfigurationDelegate - Bootstrapping Spring Data JPA repositories in DEFAULT mode.
23 Aug 2024 - 17:28:19.236 [main] INFO  o.s.d.r.c.RepositoryConfigurationDelegate - Finished Spring Data repository scanning in 83 ms. Found 13 JPA repository interfaces.
23 Aug 2024 - 17:28:19.874 [main] INFO  o.s.b.w.e.tomcat.TomcatWebServer - Tomcat initialized with port 8081 (http)
23 Aug 2024 - 17:28:19.889 [main] INFO  o.a.catalina.core.StandardService - Starting service [Tomcat]
23 Aug 2024 - 17:28:19.889 [main] INFO  o.a.catalina.core.StandardEngine - Starting Servlet engine: [Apache Tomcat/10.1.26]
23 Aug 2024 - 17:28:19.966 [main] INFO  o.a.c.c.C.[Tomcat].[localhost].[/] - Initializing Spring embedded WebApplicationContext
23 Aug 2024 - 17:28:19.966 [main] INFO  o.s.b.w.s.c.ServletWebServerApplicationContext - Root WebApplicationContext: initialization completed in 1689 ms
23 Aug 2024 - 17:28:20.101 [main] INFO  o.h.jpa.internal.util.LogHelper - HHH000204: Processing PersistenceUnitInfo [name: default]
23 Aug 2024 - 17:28:20.166 [main] INFO  org.hibernate.Version - HHH000412: Hibernate ORM core version 6.5.2.Final
23 Aug 2024 - 17:28:20.204 [main] INFO  o.h.c.i.RegionFactoryInitiator - HHH000026: Second-level cache disabled
23 Aug 2024 - 17:28:20.538 [main] INFO  o.s.o.j.p.SpringPersistenceUnitInfo - No LoadTimeWeaver setup: ignoring JPA class transformer
23 Aug 2024 - 17:28:20.565 [main] INFO  com.zaxxer.hikari.HikariDataSource - HikariPool-1 - Starting...
23 Aug 2024 - 17:28:20.718 [main] INFO  com.zaxxer.hikari.pool.HikariPool - HikariPool-1 - Added connection org.postgresql.jdbc.PgConnection@1c0e4262
23 Aug 2024 - 17:28:20.720 [main] INFO  com.zaxxer.hikari.HikariDataSource - HikariPool-1 - Start completed.
23 Aug 2024 - 17:28:22.064 [main] INFO  o.h.e.t.j.p.i.JtaPlatformInitiator - HHH000489: No JTA platform available (set 'hibernate.transaction.jta.platform' to enable JTA platform integration)
23 Aug 2024 - 17:28:22.277 [main] INFO  o.s.o.j.LocalContainerEntityManagerFactoryBean - Initialized JPA EntityManagerFactory for persistence unit 'default'
23 Aug 2024 - 17:28:22.533 [main] INFO  o.s.d.j.r.query.QueryEnhancerFactory - Hibernate is in classpath; If applicable, HQL parser will be used.
23 Aug 2024 - 17:28:24.398 [main] WARN  o.s.b.a.o.j.JpaBaseConfiguration$JpaWebConfiguration - spring.jpa.open-in-view is enabled by default. Therefore, database queries may be performed during view rendering. Explicitly configure spring.jpa.open-in-view to disable this warning
23 Aug 2024 - 17:28:24.460 [main] INFO  o.s.s.c.a.a.c.InitializeAuthenticationProviderBeanManagerConfigurer$InitializeAuthenticationProviderManagerConfigurer - Global AuthenticationManager configured with AuthenticationProvider bean with name authenticationProvider
23 Aug 2024 - 17:28:24.461 [main] WARN  o.s.s.c.a.a.c.InitializeUserDetailsBeanManagerConfigurer$InitializeUserDetailsManagerConfigurer - Global AuthenticationManager configured with an AuthenticationProvider bean. UserDetailsService beans will not be used for username/password login. Consider removing the AuthenticationProvider bean. Alternatively, consider using the UserDetailsService in a manually instantiated DaoAuthenticationProvider.
23 Aug 2024 - 17:28:26.229 [main] INFO  o.s.b.w.e.tomcat.TomcatWebServer - Tomcat started on port 8081 (http) with context path '/'
23 Aug 2024 - 17:28:26.245 [main] INFO  u.urinov.stadium.StadiumApplication - Started StadiumApplication in 8.572 seconds (process running for 9.454)
23 Aug 2024 - 17:28:26.526 [main] INFO  org.flywaydb.core.FlywayExecutor - Database: jdbc:postgresql://localhost:5432/stadium (PostgreSQL 14.11)
23 Aug 2024 - 17:28:26.637 [main] INFO  o.f.core.internal.command.DbValidate - Successfully validated 5 migrations (execution time 00:00.077s)
23 Aug 2024 - 17:28:26.658 [main] INFO  o.f.core.internal.command.DbMigrate - Current version of schema "public": 4
23 Aug 2024 - 17:28:26.666 [main] INFO  o.f.core.internal.command.DbMigrate - Schema "public" is up to date. No migration necessary.
23 Aug 2024 - 17:28:27.176 [Thread-1] INFO  o.t.t.longpolling.BotSession - Result when calling deleteWebhook: true
23 Aug 2024 - 17:29:16.709 [SpringApplicationShutdownHook] INFO  o.s.o.j.LocalContainerEntityManagerFactoryBean - Closing JPA EntityManagerFactory for persistence unit 'default'
23 Aug 2024 - 17:29:16.710 [SpringApplicationShutdownHook] INFO  com.zaxxer.hikari.HikariDataSource - HikariPool-1 - Shutdown initiated...
23 Aug 2024 - 17:29:16.713 [SpringApplicationShutdownHook] INFO  com.zaxxer.hikari.HikariDataSource - HikariPool-1 - Shutdown completed.
23 Aug 2024 - 17:41:01.023 [main] INFO  u.urinov.stadium.StadiumApplication - Starting StadiumApplication using Java 17.0.11 with PID 6936 (C:\Users\Urinov Shokirjon\IdeaProjects\Stadium\target\classes started by Urinov Shokirjon in C:\Users\Urinov Shokirjon\IdeaProjects\Stadium)
23 Aug 2024 - 17:41:01.040 [main] INFO  u.urinov.stadium.StadiumApplication - The following 1 profile is active: "local"
23 Aug 2024 - 17:41:02.149 [main] INFO  o.s.d.r.c.RepositoryConfigurationDelegate - Bootstrapping Spring Data JPA repositories in DEFAULT mode.
23 Aug 2024 - 17:41:02.256 [main] INFO  o.s.d.r.c.RepositoryConfigurationDelegate - Finished Spring Data repository scanning in 100 ms. Found 13 JPA repository interfaces.
23 Aug 2024 - 17:41:02.918 [main] INFO  o.s.b.w.e.tomcat.TomcatWebServer - Tomcat initialized with port 8081 (http)
23 Aug 2024 - 17:41:02.928 [main] INFO  o.a.catalina.core.StandardService - Starting service [Tomcat]
23 Aug 2024 - 17:41:02.928 [main] INFO  o.a.catalina.core.StandardEngine - Starting Servlet engine: [Apache Tomcat/10.1.26]
23 Aug 2024 - 17:41:02.993 [main] INFO  o.a.c.c.C.[Tomcat].[localhost].[/] - Initializing Spring embedded WebApplicationContext
23 Aug 2024 - 17:41:02.993 [main] INFO  o.s.b.w.s.c.ServletWebServerApplicationContext - Root WebApplicationContext: initialization completed in 1899 ms
23 Aug 2024 - 17:41:03.108 [main] INFO  o.h.jpa.internal.util.LogHelper - HHH000204: Processing PersistenceUnitInfo [name: default]
23 Aug 2024 - 17:41:03.177 [main] INFO  org.hibernate.Version - HHH000412: Hibernate ORM core version 6.5.2.Final
23 Aug 2024 - 17:41:03.239 [main] INFO  o.h.c.i.RegionFactoryInitiator - HHH000026: Second-level cache disabled
23 Aug 2024 - 17:41:03.708 [main] INFO  o.s.o.j.p.SpringPersistenceUnitInfo - No LoadTimeWeaver setup: ignoring JPA class transformer
23 Aug 2024 - 17:41:03.740 [main] INFO  com.zaxxer.hikari.HikariDataSource - HikariPool-1 - Starting...
23 Aug 2024 - 17:41:03.922 [main] INFO  com.zaxxer.hikari.pool.HikariPool - HikariPool-1 - Added connection org.postgresql.jdbc.PgConnection@28f90752
23 Aug 2024 - 17:41:03.924 [main] INFO  com.zaxxer.hikari.HikariDataSource - HikariPool-1 - Start completed.
23 Aug 2024 - 17:41:05.361 [main] INFO  o.h.e.t.j.p.i.JtaPlatformInitiator - HHH000489: No JTA platform available (set 'hibernate.transaction.jta.platform' to enable JTA platform integration)
23 Aug 2024 - 17:41:05.592 [main] INFO  o.s.o.j.LocalContainerEntityManagerFactoryBean - Initialized JPA EntityManagerFactory for persistence unit 'default'
23 Aug 2024 - 17:41:05.895 [main] INFO  o.s.d.j.r.query.QueryEnhancerFactory - Hibernate is in classpath; If applicable, HQL parser will be used.
23 Aug 2024 - 17:41:08.376 [main] WARN  o.s.b.a.o.j.JpaBaseConfiguration$JpaWebConfiguration - spring.jpa.open-in-view is enabled by default. Therefore, database queries may be performed during view rendering. Explicitly configure spring.jpa.open-in-view to disable this warning
23 Aug 2024 - 17:41:08.457 [main] INFO  o.s.s.c.a.a.c.InitializeAuthenticationProviderBeanManagerConfigurer$InitializeAuthenticationProviderManagerConfigurer - Global AuthenticationManager configured with AuthenticationProvider bean with name authenticationProvider
23 Aug 2024 - 17:41:08.459 [main] WARN  o.s.s.c.a.a.c.InitializeUserDetailsBeanManagerConfigurer$InitializeUserDetailsManagerConfigurer - Global AuthenticationManager configured with an AuthenticationProvider bean. UserDetailsService beans will not be used for username/password login. Consider removing the AuthenticationProvider bean. Alternatively, consider using the UserDetailsService in a manually instantiated DaoAuthenticationProvider.
23 Aug 2024 - 17:41:10.570 [main] INFO  o.s.b.w.e.tomcat.TomcatWebServer - Tomcat started on port 8081 (http) with context path '/'
23 Aug 2024 - 17:41:10.588 [main] INFO  u.urinov.stadium.StadiumApplication - Started StadiumApplication in 10.298 seconds (process running for 12.82)
23 Aug 2024 - 17:41:10.964 [main] INFO  org.flywaydb.core.FlywayExecutor - Database: jdbc:postgresql://localhost:5432/stadium (PostgreSQL 14.11)
23 Aug 2024 - 17:41:11.065 [main] INFO  o.f.core.internal.command.DbValidate - Successfully validated 5 migrations (execution time 00:00.072s)
23 Aug 2024 - 17:41:11.088 [main] INFO  o.f.core.internal.command.DbMigrate - Current version of schema "public": 4
23 Aug 2024 - 17:41:11.099 [main] INFO  o.f.core.internal.command.DbMigrate - Schema "public" is up to date. No migration necessary.
23 Aug 2024 - 17:41:11.970 [Thread-1] INFO  o.t.t.longpolling.BotSession - Result when calling deleteWebhook: true
23 Aug 2024 - 17:44:43.866 [http-nio-8081-exec-1] INFO  o.a.c.c.C.[Tomcat].[localhost].[/] - Initializing Spring DispatcherServlet 'dispatcherServlet'
23 Aug 2024 - 17:44:43.867 [http-nio-8081-exec-1] INFO  o.s.web.servlet.DispatcherServlet - Initializing Servlet 'dispatcherServlet'
23 Aug 2024 - 17:44:43.869 [http-nio-8081-exec-1] INFO  o.s.web.servlet.DispatcherServlet - Completed initialization in 1 ms
23 Aug 2024 - 17:44:44.487 [http-nio-8081-exec-1] WARN  u.u.s.stadium.service.FieldService - Rating profile id = 8cb1eb8e-bd2e-4413-b4d1-adb35255b121  phone = +998945022147 
23 Aug 2024 - 17:46:37.789 [SpringApplicationShutdownHook] INFO  o.s.o.j.LocalContainerEntityManagerFactoryBean - Closing JPA EntityManagerFactory for persistence unit 'default'
23 Aug 2024 - 17:46:37.792 [SpringApplicationShutdownHook] INFO  com.zaxxer.hikari.HikariDataSource - HikariPool-1 - Shutdown initiated...
23 Aug 2024 - 17:46:37.797 [SpringApplicationShutdownHook] INFO  com.zaxxer.hikari.HikariDataSource - HikariPool-1 - Shutdown completed.
23 Aug 2024 - 17:46:43.510 [main] INFO  u.urinov.stadium.StadiumApplication - Starting StadiumApplication using Java 17.0.11 with PID 6288 (C:\Users\Urinov Shokirjon\IdeaProjects\Stadium\target\classes started by Urinov Shokirjon in C:\Users\Urinov Shokirjon\IdeaProjects\Stadium)
23 Aug 2024 - 17:46:43.523 [main] INFO  u.urinov.stadium.StadiumApplication - The following 1 profile is active: "local"
23 Aug 2024 - 17:46:44.603 [main] INFO  o.s.d.r.c.RepositoryConfigurationDelegate - Bootstrapping Spring Data JPA repositories in DEFAULT mode.
23 Aug 2024 - 17:46:44.710 [main] INFO  o.s.d.r.c.RepositoryConfigurationDelegate - Finished Spring Data repository scanning in 97 ms. Found 13 JPA repository interfaces.
23 Aug 2024 - 17:46:45.351 [main] INFO  o.s.b.w.e.tomcat.TomcatWebServer - Tomcat initialized with port 8081 (http)
23 Aug 2024 - 17:46:45.365 [main] INFO  o.a.catalina.core.StandardService - Starting service [Tomcat]
23 Aug 2024 - 17:46:45.365 [main] INFO  o.a.catalina.core.StandardEngine - Starting Servlet engine: [Apache Tomcat/10.1.26]
23 Aug 2024 - 17:46:45.432 [main] INFO  o.a.c.c.C.[Tomcat].[localhost].[/] - Initializing Spring embedded WebApplicationContext
23 Aug 2024 - 17:46:45.432 [main] INFO  o.s.b.w.s.c.ServletWebServerApplicationContext - Root WebApplicationContext: initialization completed in 1857 ms
23 Aug 2024 - 17:46:45.570 [main] INFO  o.h.jpa.internal.util.LogHelper - HHH000204: Processing PersistenceUnitInfo [name: default]
23 Aug 2024 - 17:46:45.634 [main] INFO  org.hibernate.Version - HHH000412: Hibernate ORM core version 6.5.2.Final
23 Aug 2024 - 17:46:45.670 [main] INFO  o.h.c.i.RegionFactoryInitiator - HHH000026: Second-level cache disabled
23 Aug 2024 - 17:46:46.000 [main] INFO  o.s.o.j.p.SpringPersistenceUnitInfo - No LoadTimeWeaver setup: ignoring JPA class transformer
23 Aug 2024 - 17:46:46.029 [main] INFO  com.zaxxer.hikari.HikariDataSource - HikariPool-1 - Starting...
23 Aug 2024 - 17:46:46.186 [main] INFO  com.zaxxer.hikari.pool.HikariPool - HikariPool-1 - Added connection org.postgresql.jdbc.PgConnection@403f7aa2
23 Aug 2024 - 17:46:46.188 [main] INFO  com.zaxxer.hikari.HikariDataSource - HikariPool-1 - Start completed.
23 Aug 2024 - 17:46:47.566 [main] INFO  o.h.e.t.j.p.i.JtaPlatformInitiator - HHH000489: No JTA platform available (set 'hibernate.transaction.jta.platform' to enable JTA platform integration)
23 Aug 2024 - 17:46:47.785 [main] INFO  o.s.o.j.LocalContainerEntityManagerFactoryBean - Initialized JPA EntityManagerFactory for persistence unit 'default'
23 Aug 2024 - 17:46:48.016 [main] INFO  o.s.d.j.r.query.QueryEnhancerFactory - Hibernate is in classpath; If applicable, HQL parser will be used.
23 Aug 2024 - 17:46:50.313 [main] WARN  o.s.b.a.o.j.JpaBaseConfiguration$JpaWebConfiguration - spring.jpa.open-in-view is enabled by default. Therefore, database queries may be performed during view rendering. Explicitly configure spring.jpa.open-in-view to disable this warning
23 Aug 2024 - 17:46:50.385 [main] INFO  o.s.s.c.a.a.c.InitializeAuthenticationProviderBeanManagerConfigurer$InitializeAuthenticationProviderManagerConfigurer - Global AuthenticationManager configured with AuthenticationProvider bean with name authenticationProvider
23 Aug 2024 - 17:46:50.387 [main] WARN  o.s.s.c.a.a.c.InitializeUserDetailsBeanManagerConfigurer$InitializeUserDetailsManagerConfigurer - Global AuthenticationManager configured with an AuthenticationProvider bean. UserDetailsService beans will not be used for username/password login. Consider removing the AuthenticationProvider bean. Alternatively, consider using the UserDetailsService in a manually instantiated DaoAuthenticationProvider.
23 Aug 2024 - 17:46:52.260 [main] INFO  o.s.b.w.e.tomcat.TomcatWebServer - Tomcat started on port 8081 (http) with context path '/'
23 Aug 2024 - 17:46:52.275 [main] INFO  u.urinov.stadium.StadiumApplication - Started StadiumApplication in 9.413 seconds (process running for 10.428)
23 Aug 2024 - 17:46:52.568 [main] INFO  org.flywaydb.core.FlywayExecutor - Database: jdbc:postgresql://localhost:5432/stadium (PostgreSQL 14.11)
23 Aug 2024 - 17:46:52.669 [main] INFO  o.f.core.internal.command.DbValidate - Successfully validated 5 migrations (execution time 00:00.071s)
23 Aug 2024 - 17:46:52.688 [main] INFO  o.f.core.internal.command.DbMigrate - Current version of schema "public": 4
23 Aug 2024 - 17:46:52.696 [main] INFO  o.f.core.internal.command.DbMigrate - Schema "public" is up to date. No migration necessary.
23 Aug 2024 - 17:46:53.369 [Thread-1] INFO  o.t.t.longpolling.BotSession - Result when calling deleteWebhook: true
23 Aug 2024 - 17:47:18.257 [http-nio-8081-exec-1] INFO  o.a.c.c.C.[Tomcat].[localhost].[/] - Initializing Spring DispatcherServlet 'dispatcherServlet'
23 Aug 2024 - 17:47:18.257 [http-nio-8081-exec-1] INFO  o.s.web.servlet.DispatcherServlet - Initializing Servlet 'dispatcherServlet'
23 Aug 2024 - 17:47:18.260 [http-nio-8081-exec-1] INFO  o.s.web.servlet.DispatcherServlet - Completed initialization in 2 ms
23 Aug 2024 - 17:47:18.973 [http-nio-8081-exec-1] WARN  u.u.s.stadium.service.FieldService - Rating profile id = 8cb1eb8e-bd2e-4413-b4d1-adb35255b121  phone = +998945022147 
23 Aug 2024 - 17:47:38.826 [http-nio-8081-exec-2] WARN  o.h.e.jdbc.spi.SqlExceptionHelper - SQL Error: 0, SQLState: 23505
23 Aug 2024 - 17:47:38.826 [http-nio-8081-exec-2] ERROR o.h.e.jdbc.spi.SqlExceptionHelper - ERROR: duplicate key value violates unique constraint "ukqpifomt9u70ikp6ayjixx09ql"
  Detail: Key (field_id, owner_id)=(2, 8cb1eb8e-bd2e-4413-b4d1-adb35255b121) already exists.
23 Aug 2024 - 17:47:38.856 [http-nio-8081-exec-2] ERROR o.a.c.c.C.[.[.[.[dispatcherServlet] - Servlet.service() for servlet [dispatcherServlet] in context with path [] threw exception [Request processing failed: org.springframework.dao.DataIntegrityViolationException: could not execute statement [ERROR: duplicate key value violates unique constraint "ukqpifomt9u70ikp6ayjixx09ql"
  Detail: Key (field_id, owner_id)=(2, 8cb1eb8e-bd2e-4413-b4d1-adb35255b121) already exists.] [insert into field_price (average_rating,create_date,field_id,owner_id,visible) values (?,?,?,?,?) returning id]; SQL [insert into field_price (average_rating,create_date,field_id,owner_id,visible) values (?,?,?,?,?) returning id]; constraint [ukqpifomt9u70ikp6ayjixx09ql]] with root cause
org.postgresql.util.PSQLException: ERROR: duplicate key value violates unique constraint "ukqpifomt9u70ikp6ayjixx09ql"
  Detail: Key (field_id, owner_id)=(2, 8cb1eb8e-bd2e-4413-b4d1-adb35255b121) already exists.
	at org.postgresql.core.v3.QueryExecutorImpl.receiveErrorResponse(QueryExecutorImpl.java:2725)
	at org.postgresql.core.v3.QueryExecutorImpl.processResults(QueryExecutorImpl.java:2412)
	at org.postgresql.core.v3.QueryExecutorImpl.execute(QueryExecutorImpl.java:371)
	at org.postgresql.jdbc.PgStatement.executeInternal(PgStatement.java:502)
	at org.postgresql.jdbc.PgStatement.execute(PgStatement.java:419)
	at org.postgresql.jdbc.PgPreparedStatement.executeWithFlags(PgPreparedStatement.java:194)
	at org.postgresql.jdbc.PgPreparedStatement.execute(PgPreparedStatement.java:180)
	at com.zaxxer.hikari.pool.ProxyPreparedStatement.execute(ProxyPreparedStatement.java:44)
	at com.zaxxer.hikari.pool.HikariProxyPreparedStatement.execute(HikariProxyPreparedStatement.java)
	at org.hibernate.engine.jdbc.internal.ResultSetReturnImpl.execute(ResultSetReturnImpl.java:129)
	at org.hibernate.id.insert.InsertReturningDelegate.executeAndExtractReturning(InsertReturningDelegate.java:96)
	at org.hibernate.id.insert.AbstractReturningDelegate.performMutation(AbstractReturningDelegate.java:58)
	at org.hibernate.engine.jdbc.mutation.internal.MutationExecutorSingleNonBatched.performNonBatchedOperations(MutationExecutorSingleNonBatched.java:47)
	at org.hibernate.engine.jdbc.mutation.internal.AbstractMutationExecutor.execute(AbstractMutationExecutor.java:55)
	at org.hibernate.persister.entity.mutation.InsertCoordinatorStandard.doStaticInserts(InsertCoordinatorStandard.java:194)
	at org.hibernate.persister.entity.mutation.InsertCoordinatorStandard.coordinateInsert(InsertCoordinatorStandard.java:132)
	at org.hibernate.persister.entity.mutation.InsertCoordinatorStandard.insert(InsertCoordinatorStandard.java:95)
	at org.hibernate.action.internal.EntityIdentityInsertAction.execute(EntityIdentityInsertAction.java:85)
	at org.hibernate.engine.spi.ActionQueue.execute(ActionQueue.java:670)
	at org.hibernate.engine.spi.ActionQueue.addResolvedEntityInsertAction(ActionQueue.java:291)
	at org.hibernate.engine.spi.ActionQueue.addInsertAction(ActionQueue.java:272)
	at org.hibernate.engine.spi.ActionQueue.addAction(ActionQueue.java:322)
	at org.hibernate.event.internal.AbstractSaveEventListener.addInsertAction(AbstractSaveEventListener.java:391)
	at org.hibernate.event.internal.AbstractSaveEventListener.performSaveOrReplicate(AbstractSaveEventListener.java:305)
	at org.hibernate.event.internal.AbstractSaveEventListener.performSave(AbstractSaveEventListener.java:224)
	at org.hibernate.event.internal.AbstractSaveEventListener.saveWithGeneratedId(AbstractSaveEventListener.java:137)
	at org.hibernate.event.internal.DefaultPersistEventListener.entityIsTransient(DefaultPersistEventListener.java:175)
	at org.hibernate.event.internal.DefaultPersistEventListener.persist(DefaultPersistEventListener.java:93)
	at org.hibernate.event.internal.DefaultPersistEventListener.onPersist(DefaultPersistEventListener.java:77)
	at org.hibernate.event.internal.DefaultPersistEventListener.onPersist(DefaultPersistEventListener.java:54)
	at org.hibernate.event.service.internal.EventListenerGroupImpl.fireEventOnEachListener(EventListenerGroupImpl.java:127)
	at org.hibernate.internal.SessionImpl.firePersist(SessionImpl.java:757)
	at org.hibernate.internal.SessionImpl.persist(SessionImpl.java:741)
	at java.base/jdk.internal.reflect.NativeMethodAccessorImpl.invoke0(Native Method)
	at java.base/jdk.internal.reflect.NativeMethodAccessorImpl.invoke(NativeMethodAccessorImpl.java:77)
	at java.base/jdk.internal.reflect.DelegatingMethodAccessorImpl.invoke(DelegatingMethodAccessorImpl.java:43)
	at java.base/java.lang.reflect.Method.invoke(Method.java:568)
	at org.springframework.orm.jpa.ExtendedEntityManagerCreator$ExtendedEntityManagerInvocationHandler.invoke(ExtendedEntityManagerCreator.java:364)
	at jdk.proxy2/jdk.proxy2.$Proxy140.persist(Unknown Source)
	at java.base/jdk.internal.reflect.NativeMethodAccessorImpl.invoke0(Native Method)
	at java.base/jdk.internal.reflect.NativeMethodAccessorImpl.invoke(NativeMethodAccessorImpl.java:77)
	at java.base/jdk.internal.reflect.DelegatingMethodAccessorImpl.invoke(DelegatingMethodAccessorImpl.java:43)
	at java.base/java.lang.reflect.Method.invoke(Method.java:568)
	at org.springframework.orm.jpa.SharedEntityManagerCreator$SharedEntityManagerInvocationHandler.invoke(SharedEntityManagerCreator.java:319)
	at jdk.proxy2/jdk.proxy2.$Proxy140.persist(Unknown Source)
	at org.springframework.data.jpa.repository.support.SimpleJpaRepository.save(SimpleJpaRepository.java:629)
	at java.base/jdk.internal.reflect.NativeMethodAccessorImpl.invoke0(Native Method)
	at java.base/jdk.internal.reflect.NativeMethodAccessorImpl.invoke(NativeMethodAccessorImpl.java:77)
	at java.base/jdk.internal.reflect.DelegatingMethodAccessorImpl.invoke(DelegatingMethodAccessorImpl.java:43)
	at java.base/java.lang.reflect.Method.invoke(Method.java:568)
	at org.springframework.aop.support.AopUtils.invokeJoinpointUsingReflection(AopUtils.java:354)
	at org.springframework.data.repository.core.support.RepositoryMethodInvoker$RepositoryFragmentMethodInvoker.lambda$new$0(RepositoryMethodInvoker.java:277)
	at org.springframework.data.repository.core.support.RepositoryMethodInvoker.doInvoke(RepositoryMethodInvoker.java:170)
	at org.springframework.data.repository.core.support.RepositoryMethodInvoker.invoke(RepositoryMethodInvoker.java:158)
	at org.springframework.data.repository.core.support.RepositoryComposition$RepositoryFragments.invoke(RepositoryComposition.java:516)
	at org.springframework.data.repository.core.support.RepositoryComposition.invoke(RepositoryComposition.java:285)
	at org.springframework.data.repository.core.support.RepositoryFactorySupport$ImplementationMethodExecutionInterceptor.invoke(RepositoryFactorySupport.java:628)
	at org.springframework.aop.framework.ReflectiveMethodInvocation.proceed(ReflectiveMethodInvocation.java:184)
	at org.springframework.data.repository.core.support.QueryExecutorMethodInterceptor.doInvoke(QueryExecutorMethodInterceptor.java:168)
	at org.springframework.data.repository.core.support.QueryExecutorMethodInterceptor.invoke(QueryExecutorMethodInterceptor.java:143)
	at org.springframework.aop.framework.ReflectiveMethodInvocation.proceed(ReflectiveMethodInvocation.java:184)
	at org.springframework.transaction.interceptor.TransactionAspectSupport.invokeWithinTransaction(TransactionAspectSupport.java:379)
	at org.springframework.transaction.interceptor.TransactionInterceptor.invoke(TransactionInterceptor.java:119)
	at org.springframework.aop.framework.ReflectiveMethodInvocation.proceed(ReflectiveMethodInvocation.java:184)
	at org.springframework.dao.support.PersistenceExceptionTranslationInterceptor.invoke(PersistenceExceptionTranslationInterceptor.java:138)
	at org.springframework.aop.framework.ReflectiveMethodInvocation.proceed(ReflectiveMethodInvocation.java:184)
	at org.springframework.data.jpa.repository.support.CrudMethodMetadataPostProcessor$CrudMethodMetadataPopulatingMethodInterceptor.invoke(CrudMethodMetadataPostProcessor.java:165)
	at org.springframework.aop.framework.ReflectiveMethodInvocation.proceed(ReflectiveMethodInvocation.java:184)
	at org.springframework.aop.interceptor.ExposeInvocationInterceptor.invoke(ExposeInvocationInterceptor.java:97)
	at org.springframework.aop.framework.ReflectiveMethodInvocation.proceed(ReflectiveMethodInvocation.java:184)
	at org.springframework.aop.framework.JdkDynamicAopProxy.invoke(JdkDynamicAopProxy.java:223)
	at jdk.proxy2/jdk.proxy2.$Proxy165.save(Unknown Source)
	at uz.urinov.stadium.stadium.service.FieldService.ratingField(FieldService.java:128)
	at uz.urinov.stadium.stadium.controller.FieldController.ratingField(FieldController.java:70)
	at java.base/jdk.internal.reflect.NativeMethodAccessorImpl.invoke0(Native Method)
	at java.base/jdk.internal.reflect.NativeMethodAccessorImpl.invoke(NativeMethodAccessorImpl.java:77)
	at java.base/jdk.internal.reflect.DelegatingMethodAccessorImpl.invoke(DelegatingMethodAccessorImpl.java:43)
	at java.base/java.lang.reflect.Method.invoke(Method.java:568)
	at org.springframework.web.method.support.InvocableHandlerMethod.doInvoke(InvocableHandlerMethod.java:255)
	at org.springframework.web.method.support.InvocableHandlerMethod.invokeForRequest(InvocableHandlerMethod.java:188)
	at org.springframework.web.servlet.mvc.method.annotation.ServletInvocableHandlerMethod.invokeAndHandle(ServletInvocableHandlerMethod.java:118)
	at org.springframework.web.servlet.mvc.method.annotation.RequestMappingHandlerAdapter.invokeHandlerMethod(RequestMappingHandlerAdapter.java:926)
	at org.springframework.web.servlet.mvc.method.annotation.RequestMappingHandlerAdapter.handleInternal(RequestMappingHandlerAdapter.java:831)
	at org.springframework.web.servlet.mvc.method.AbstractHandlerMethodAdapter.handle(AbstractHandlerMethodAdapter.java:87)
	at org.springframework.web.servlet.DispatcherServlet.doDispatch(DispatcherServlet.java:1089)
	at org.springframework.web.servlet.DispatcherServlet.doService(DispatcherServlet.java:979)
	at org.springframework.web.servlet.FrameworkServlet.processRequest(FrameworkServlet.java:1014)
	at org.springframework.web.servlet.FrameworkServlet.doPost(FrameworkServlet.java:914)
	at jakarta.servlet.http.HttpServlet.service(HttpServlet.java:590)
	at org.springframework.web.servlet.FrameworkServlet.service(FrameworkServlet.java:885)
	at jakarta.servlet.http.HttpServlet.service(HttpServlet.java:658)
	at org.apache.catalina.core.ApplicationFilterChain.internalDoFilter(ApplicationFilterChain.java:195)
	at org.apache.catalina.core.ApplicationFilterChain.doFilter(ApplicationFilterChain.java:140)
	at org.apache.tomcat.websocket.server.WsFilter.doFilter(WsFilter.java:51)
	at org.apache.catalina.core.ApplicationFilterChain.internalDoFilter(ApplicationFilterChain.java:164)
	at org.apache.catalina.core.ApplicationFilterChain.doFilter(ApplicationFilterChain.java:140)
	at org.springframework.web.filter.OncePerRequestFilter.doFilter(OncePerRequestFilter.java:110)
	at org.apache.catalina.core.ApplicationFilterChain.internalDoFilter(ApplicationFilterChain.java:164)
	at org.apache.catalina.core.ApplicationFilterChain.doFilter(ApplicationFilterChain.java:140)
	at org.springframework.web.filter.CompositeFilter$VirtualFilterChain.doFilter(CompositeFilter.java:108)
	at org.springframework.security.web.FilterChainProxy.lambda$doFilterInternal$3(FilterChainProxy.java:231)
	at org.springframework.security.web.FilterChainProxy$VirtualFilterChain.doFilter(FilterChainProxy.java:365)
	at org.springframework.security.web.access.intercept.AuthorizationFilter.doFilter(AuthorizationFilter.java:100)
	at org.springframework.security.web.FilterChainProxy$VirtualFilterChain.doFilter(FilterChainProxy.java:374)
	at org.springframework.security.web.access.ExceptionTranslationFilter.doFilter(ExceptionTranslationFilter.java:126)
	at org.springframework.security.web.access.ExceptionTranslationFilter.doFilter(ExceptionTranslationFilter.java:120)
	at org.springframework.security.web.FilterChainProxy$VirtualFilterChain.doFilter(FilterChainProxy.java:374)
	at org.springframework.security.web.authentication.AnonymousAuthenticationFilter.doFilter(AnonymousAuthenticationFilter.java:100)
	at org.springframework.security.web.FilterChainProxy$VirtualFilterChain.doFilter(FilterChainProxy.java:374)
	at org.springframework.security.web.servletapi.SecurityContextHolderAwareRequestFilter.doFilter(SecurityContextHolderAwareRequestFilter.java:179)
	at org.springframework.security.web.FilterChainProxy$VirtualFilterChain.doFilter(FilterChainProxy.java:374)
	at org.springframework.security.web.savedrequest.RequestCacheAwareFilter.doFilter(RequestCacheAwareFilter.java:63)
	at org.springframework.security.web.FilterChainProxy$VirtualFilterChain.doFilter(FilterChainProxy.java:374)
	at uz.urinov.stadium.config.JwtTokenFilter.doFilterInternal(JwtTokenFilter.java:56)
	at org.springframework.web.filter.OncePerRequestFilter.doFilter(OncePerRequestFilter.java:116)
	at org.springframework.security.web.FilterChainProxy$VirtualFilterChain.doFilter(FilterChainProxy.java:374)
	at org.springframework.security.web.authentication.logout.LogoutFilter.doFilter(LogoutFilter.java:107)
	at org.springframework.security.web.authentication.logout.LogoutFilter.doFilter(LogoutFilter.java:93)
	at org.springframework.security.web.FilterChainProxy$VirtualFilterChain.doFilter(FilterChainProxy.java:374)
	at org.springframework.security.web.header.HeaderWriterFilter.doHeadersAfter(HeaderWriterFilter.java:90)
	at org.springframework.security.web.header.HeaderWriterFilter.doFilterInternal(HeaderWriterFilter.java:75)
	at org.springframework.web.filter.OncePerRequestFilter.doFilter(OncePerRequestFilter.java:116)
	at org.springframework.security.web.FilterChainProxy$VirtualFilterChain.doFilter(FilterChainProxy.java:374)
	at org.springframework.security.web.context.SecurityContextHolderFilter.doFilter(SecurityContextHolderFilter.java:82)
	at org.springframework.security.web.context.SecurityContextHolderFilter.doFilter(SecurityContextHolderFilter.java:69)
	at org.springframework.security.web.FilterChainProxy$VirtualFilterChain.doFilter(FilterChainProxy.java:374)
	at org.springframework.security.web.context.request.async.WebAsyncManagerIntegrationFilter.doFilterInternal(WebAsyncManagerIntegrationFilter.java:62)
	at org.springframework.web.filter.OncePerRequestFilter.doFilter(OncePerRequestFilter.java:116)
	at org.springframework.security.web.FilterChainProxy$VirtualFilterChain.doFilter(FilterChainProxy.java:374)
	at org.springframework.security.web.session.DisableEncodeUrlFilter.doFilterInternal(DisableEncodeUrlFilter.java:42)
	at org.springframework.web.filter.OncePerRequestFilter.doFilter(OncePerRequestFilter.java:116)
	at org.springframework.security.web.FilterChainProxy$VirtualFilterChain.doFilter(FilterChainProxy.java:374)
	at org.springframework.security.web.FilterChainProxy.doFilterInternal(FilterChainProxy.java:233)
	at org.springframework.security.web.FilterChainProxy.doFilter(FilterChainProxy.java:191)
	at org.springframework.web.filter.CompositeFilter$VirtualFilterChain.doFilter(CompositeFilter.java:113)
	at org.springframework.web.servlet.handler.HandlerMappingIntrospector.lambda$createCacheFilter$3(HandlerMappingIntrospector.java:195)
	at org.springframework.web.filter.CompositeFilter$VirtualFilterChain.doFilter(CompositeFilter.java:113)
	at org.springframework.web.filter.CompositeFilter.doFilter(CompositeFilter.java:74)
	at org.springframework.security.config.annotation.web.configuration.WebMvcSecurityConfiguration$CompositeFilterChainProxy.doFilter(WebMvcSecurityConfiguration.java:230)
	at org.springframework.web.filter.DelegatingFilterProxy.invokeDelegate(DelegatingFilterProxy.java:352)
	at org.springframework.web.filter.DelegatingFilterProxy.doFilter(DelegatingFilterProxy.java:268)
	at org.apache.catalina.core.ApplicationFilterChain.internalDoFilter(ApplicationFilterChain.java:164)
	at org.apache.catalina.core.ApplicationFilterChain.doFilter(ApplicationFilterChain.java:140)
	at org.springframework.web.filter.RequestContextFilter.doFilterInternal(RequestContextFilter.java:100)
	at org.springframework.web.filter.OncePerRequestFilter.doFilter(OncePerRequestFilter.java:116)
	at org.apache.catalina.core.ApplicationFilterChain.internalDoFilter(ApplicationFilterChain.java:164)
	at org.apache.catalina.core.ApplicationFilterChain.doFilter(ApplicationFilterChain.java:140)
	at org.springframework.web.filter.FormContentFilter.doFilterInternal(FormContentFilter.java:93)
	at org.springframework.web.filter.OncePerRequestFilter.doFilter(OncePerRequestFilter.java:116)
	at org.apache.catalina.core.ApplicationFilterChain.internalDoFilter(ApplicationFilterChain.java:164)
	at org.apache.catalina.core.ApplicationFilterChain.doFilter(ApplicationFilterChain.java:140)
	at org.springframework.web.filter.CharacterEncodingFilter.doFilterInternal(CharacterEncodingFilter.java:201)
	at org.springframework.web.filter.OncePerRequestFilter.doFilter(OncePerRequestFilter.java:116)
	at org.apache.catalina.core.ApplicationFilterChain.internalDoFilter(ApplicationFilterChain.java:164)
	at org.apache.catalina.core.ApplicationFilterChain.doFilter(ApplicationFilterChain.java:140)
	at org.apache.catalina.core.StandardWrapperValve.invoke(StandardWrapperValve.java:167)
	at org.apache.catalina.core.StandardContextValve.invoke(StandardContextValve.java:90)
	at org.apache.catalina.authenticator.AuthenticatorBase.invoke(AuthenticatorBase.java:483)
	at org.apache.catalina.core.StandardHostValve.invoke(StandardHostValve.java:115)
	at org.apache.catalina.valves.ErrorReportValve.invoke(ErrorReportValve.java:93)
	at org.apache.catalina.core.StandardEngineValve.invoke(StandardEngineValve.java:74)
	at org.apache.catalina.connector.CoyoteAdapter.service(CoyoteAdapter.java:344)
	at org.apache.coyote.http11.Http11Processor.service(Http11Processor.java:389)
	at org.apache.coyote.AbstractProcessorLight.process(AbstractProcessorLight.java:63)
	at org.apache.coyote.AbstractProtocol$ConnectionHandler.process(AbstractProtocol.java:904)
	at org.apache.tomcat.util.net.NioEndpoint$SocketProcessor.doRun(NioEndpoint.java:1741)
	at org.apache.tomcat.util.net.SocketProcessorBase.run(SocketProcessorBase.java:52)
	at org.apache.tomcat.util.threads.ThreadPoolExecutor.runWorker(ThreadPoolExecutor.java:1190)
	at org.apache.tomcat.util.threads.ThreadPoolExecutor$Worker.run(ThreadPoolExecutor.java:659)
	at org.apache.tomcat.util.threads.TaskThread$WrappingRunnable.run(TaskThread.java:63)
	at java.base/java.lang.Thread.run(Thread.java:840)
23 Aug 2024 - 17:54:25.217 [HikariPool-1 housekeeper] WARN  com.zaxxer.hikari.pool.HikariPool - HikariPool-1 - Thread starvation or clock leap detected (housekeeper delta=1m7s994ms842µs199ns).
23 Aug 2024 - 17:54:25.226 [pool-3-thread-1] ERROR o.t.t.longpolling.BotSession - Error received from Telegram GetUpdates Request, retrying in 285 millis...
org.telegram.telegrambots.longpolling.exceptions.TelegramApiErrorResponseException: null
	at org.telegram.telegrambots.longpolling.BotSession.getUpdatesFromTelegram(BotSession.java:156)
	at org.telegram.telegrambots.longpolling.BotSession.lambda$createPollerTask$1(BotSession.java:103)
	at java.base/java.util.concurrent.Executors$RunnableAdapter.call(Executors.java:539)
	at java.base/java.util.concurrent.FutureTask.runAndReset$$$capture(FutureTask.java:305)
	at java.base/java.util.concurrent.FutureTask.runAndReset(FutureTask.java)
	at java.base/java.util.concurrent.ScheduledThreadPoolExecutor$ScheduledFutureTask.run(ScheduledThreadPoolExecutor.java:305)
	at java.base/java.util.concurrent.ThreadPoolExecutor.runWorker(ThreadPoolExecutor.java:1136)
	at java.base/java.util.concurrent.ThreadPoolExecutor$Worker.run(ThreadPoolExecutor.java:635)
	at java.base/java.lang.Thread.run(Thread.java:840)
Caused by: java.net.SocketTimeoutException: timeout
	at okhttp3.internal.http2.Http2Stream$StreamTimeout.newTimeoutException(Http2Stream.kt:675)
	at okhttp3.internal.http2.Http2Stream$StreamTimeout.exitAndThrowIfTimedOut(Http2Stream.kt:684)
	at okhttp3.internal.http2.Http2Stream.takeHeaders(Http2Stream.kt:143)
	at okhttp3.internal.http2.Http2ExchangeCodec.readResponseHeaders(Http2ExchangeCodec.kt:96)
	at okhttp3.internal.connection.Exchange.readResponseHeaders(Exchange.kt:106)
	at okhttp3.internal.http.CallServerInterceptor.intercept(CallServerInterceptor.kt:79)
	at okhttp3.internal.http.RealInterceptorChain.proceed(RealInterceptorChain.kt:109)
	at okhttp3.internal.connection.ConnectInterceptor.intercept(ConnectInterceptor.kt:34)
	at okhttp3.internal.http.RealInterceptorChain.proceed(RealInterceptorChain.kt:109)
	at okhttp3.internal.cache.CacheInterceptor.intercept(CacheInterceptor.kt:95)
	at okhttp3.internal.http.RealInterceptorChain.proceed(RealInterceptorChain.kt:109)
	at okhttp3.internal.http.BridgeInterceptor.intercept(BridgeInterceptor.kt:83)
	at okhttp3.internal.http.RealInterceptorChain.proceed(RealInterceptorChain.kt:109)
	at okhttp3.internal.http.RetryAndFollowUpInterceptor.intercept(RetryAndFollowUpInterceptor.kt:76)
	at okhttp3.internal.http.RealInterceptorChain.proceed(RealInterceptorChain.kt:109)
	at okhttp3.internal.connection.RealCall.getResponseWithInterceptorChain$okhttp(RealCall.kt:201)
	at okhttp3.internal.connection.RealCall.execute(RealCall.kt:154)
	at org.telegram.telegrambots.longpolling.BotSession.getUpdatesFromTelegram(BotSession.java:139)
	... 8 common frames omitted
23 Aug 2024 - 17:56:04.199 [SpringApplicationShutdownHook] INFO  o.s.o.j.LocalContainerEntityManagerFactoryBean - Closing JPA EntityManagerFactory for persistence unit 'default'
23 Aug 2024 - 17:56:04.201 [SpringApplicationShutdownHook] INFO  com.zaxxer.hikari.HikariDataSource - HikariPool-1 - Shutdown initiated...
23 Aug 2024 - 17:56:04.203 [SpringApplicationShutdownHook] INFO  com.zaxxer.hikari.HikariDataSource - HikariPool-1 - Shutdown completed.
23 Aug 2024 - 17:56:23.714 [main] INFO  u.urinov.stadium.StadiumApplication - Starting StadiumApplication using Java 17.0.11 with PID 5496 (C:\Users\Urinov Shokirjon\IdeaProjects\Stadium\target\classes started by Urinov Shokirjon in C:\Users\Urinov Shokirjon\IdeaProjects\Stadium)
23 Aug 2024 - 17:56:23.727 [main] INFO  u.urinov.stadium.StadiumApplication - The following 1 profile is active: "local"
23 Aug 2024 - 17:56:24.695 [main] INFO  o.s.d.r.c.RepositoryConfigurationDelegate - Bootstrapping Spring Data JPA repositories in DEFAULT mode.
23 Aug 2024 - 17:56:24.784 [main] INFO  o.s.d.r.c.RepositoryConfigurationDelegate - Finished Spring Data repository scanning in 81 ms. Found 13 JPA repository interfaces.
23 Aug 2024 - 17:56:25.456 [main] INFO  o.s.b.w.e.tomcat.TomcatWebServer - Tomcat initialized with port 8081 (http)
23 Aug 2024 - 17:56:25.467 [main] INFO  o.a.catalina.core.StandardService - Starting service [Tomcat]
23 Aug 2024 - 17:56:25.467 [main] INFO  o.a.catalina.core.StandardEngine - Starting Servlet engine: [Apache Tomcat/10.1.26]
23 Aug 2024 - 17:56:25.540 [main] INFO  o.a.c.c.C.[Tomcat].[localhost].[/] - Initializing Spring embedded WebApplicationContext
23 Aug 2024 - 17:56:25.540 [main] INFO  o.s.b.w.s.c.ServletWebServerApplicationContext - Root WebApplicationContext: initialization completed in 1763 ms
23 Aug 2024 - 17:56:25.674 [main] INFO  o.h.jpa.internal.util.LogHelper - HHH000204: Processing PersistenceUnitInfo [name: default]
23 Aug 2024 - 17:56:25.739 [main] INFO  org.hibernate.Version - HHH000412: Hibernate ORM core version 6.5.2.Final
23 Aug 2024 - 17:56:25.777 [main] INFO  o.h.c.i.RegionFactoryInitiator - HHH000026: Second-level cache disabled
23 Aug 2024 - 17:56:26.125 [main] INFO  o.s.o.j.p.SpringPersistenceUnitInfo - No LoadTimeWeaver setup: ignoring JPA class transformer
23 Aug 2024 - 17:56:26.153 [main] INFO  com.zaxxer.hikari.HikariDataSource - HikariPool-1 - Starting...
23 Aug 2024 - 17:56:26.305 [main] INFO  com.zaxxer.hikari.pool.HikariPool - HikariPool-1 - Added connection org.postgresql.jdbc.PgConnection@7c8f047a
23 Aug 2024 - 17:56:26.307 [main] INFO  com.zaxxer.hikari.HikariDataSource - HikariPool-1 - Start completed.
23 Aug 2024 - 17:56:27.644 [main] INFO  o.h.e.t.j.p.i.JtaPlatformInitiator - HHH000489: No JTA platform available (set 'hibernate.transaction.jta.platform' to enable JTA platform integration)
23 Aug 2024 - 17:56:27.860 [main] INFO  o.s.o.j.LocalContainerEntityManagerFactoryBean - Initialized JPA EntityManagerFactory for persistence unit 'default'
23 Aug 2024 - 17:56:28.089 [main] INFO  o.s.d.j.r.query.QueryEnhancerFactory - Hibernate is in classpath; If applicable, HQL parser will be used.
23 Aug 2024 - 17:56:29.394 [main] WARN  o.s.b.a.o.j.JpaBaseConfiguration$JpaWebConfiguration - spring.jpa.open-in-view is enabled by default. Therefore, database queries may be performed during view rendering. Explicitly configure spring.jpa.open-in-view to disable this warning
23 Aug 2024 - 17:56:29.442 [main] INFO  o.s.s.c.a.a.c.InitializeAuthenticationProviderBeanManagerConfigurer$InitializeAuthenticationProviderManagerConfigurer - Global AuthenticationManager configured with AuthenticationProvider bean with name authenticationProvider
23 Aug 2024 - 17:56:29.443 [main] WARN  o.s.s.c.a.a.c.InitializeUserDetailsBeanManagerConfigurer$InitializeUserDetailsManagerConfigurer - Global AuthenticationManager configured with an AuthenticationProvider bean. UserDetailsService beans will not be used for username/password login. Consider removing the AuthenticationProvider bean. Alternatively, consider using the UserDetailsService in a manually instantiated DaoAuthenticationProvider.
23 Aug 2024 - 17:56:30.579 [main] INFO  o.s.b.w.e.tomcat.TomcatWebServer - Tomcat started on port 8081 (http) with context path '/'
23 Aug 2024 - 17:56:30.589 [main] INFO  u.urinov.stadium.StadiumApplication - Started StadiumApplication in 7.456 seconds (process running for 8.255)
23 Aug 2024 - 17:56:30.788 [main] INFO  org.flywaydb.core.FlywayExecutor - Database: jdbc:postgresql://localhost:5432/stadium (PostgreSQL 14.11)
23 Aug 2024 - 17:56:30.837 [main] INFO  o.f.core.internal.command.DbValidate - Successfully validated 5 migrations (execution time 00:00.030s)
23 Aug 2024 - 17:56:30.847 [main] INFO  o.f.core.internal.command.DbMigrate - Current version of schema "public": 4
23 Aug 2024 - 17:56:30.850 [main] INFO  o.f.core.internal.command.DbMigrate - Schema "public" is up to date. No migration necessary.
23 Aug 2024 - 17:56:31.260 [Thread-1] INFO  o.t.t.longpolling.BotSession - Result when calling deleteWebhook: true
23 Aug 2024 - 17:57:05.100 [http-nio-8081-exec-1] INFO  o.a.c.c.C.[Tomcat].[localhost].[/] - Initializing Spring DispatcherServlet 'dispatcherServlet'
23 Aug 2024 - 17:57:05.100 [http-nio-8081-exec-1] INFO  o.s.web.servlet.DispatcherServlet - Initializing Servlet 'dispatcherServlet'
23 Aug 2024 - 17:57:05.101 [http-nio-8081-exec-1] INFO  o.s.web.servlet.DispatcherServlet - Completed initialization in 1 ms
23 Aug 2024 - 17:58:07.295 [SpringApplicationShutdownHook] INFO  o.s.o.j.LocalContainerEntityManagerFactoryBean - Closing JPA EntityManagerFactory for persistence unit 'default'
23 Aug 2024 - 17:58:07.298 [SpringApplicationShutdownHook] INFO  com.zaxxer.hikari.HikariDataSource - HikariPool-1 - Shutdown initiated...
23 Aug 2024 - 17:58:07.301 [SpringApplicationShutdownHook] INFO  com.zaxxer.hikari.HikariDataSource - HikariPool-1 - Shutdown completed.
